<?xml version="1.0" encoding="UTF-8"?><?oxygen RNGSchema="http://www.emesoc.org/schema/aeme.rng" type="xml"?>
<!DOCTYPE TEI SYSTEM "entities.dtd">
<TEI xml:id="laudmisc108" xmlns="http://www.tei-c.org/ns/1.0">
    <!-- Standoff <teiHeader> and <facsimile> files --> &teiHeader; &facsimile;
    <!-- End of Standoff <teiHeader> and <facsimile> files -->
    <text>
        <!-- Change log:
Line numbers and litterae notabiliores have been added algorithmically. 
Horstmann's punctuation is retained and his notes are contained in note[@type="enc"]. 
Horstmann's superscripts are in retained as <hi rend="Horstmann-superscript">.
Basic pre-processing done.
Named entities:
#bioMark0001: St Mark
#locAlexandria01: Alexandria
Last Update: Feb 27 2015. -->
        <body>
            <div1>
                <head>52 Vita sancti Marci ewangeli&slong;te</head>
                <lg>
                    <l xml:id="bodllaudmisc108.3ap.1"><hi rend="touched-red">S</hi><sg type="ln"
                        />Eint Marc þe holie godspellare<pc> &punctelev; </pc><hi rend="touched-red"
                            >w</hi>ide wende in londe</l>
                    <l xml:id="bodllaudmisc108.3ap.2"><hi rend="touched-red">F</hi><sg type="ln"
                        />o&rrot;<sg/>to p&rrot;echi cri&slong;tine<sg/>dom<pc> &punctelev; </pc><hi
                            rend="touched-red">þ</hi>o&rrot;uȝ o&rrot;e louerdes sonde</l>
                    <l xml:id="bodllaudmisc108.3ap.3"><hi rend="touched-red">I</hi><sg type="ln"/>n
                        eg&ydot;pte he p&rrot;echede longue<pc> &punctelev; </pc><hi
                            rend="touched-red">a</hi>nd sethþe at þen ende</l>
                    <l xml:id="bodllaudmisc108.3ap.4"><hi rend="touched-red">I</hi><sg type="ln"
                        />nto þe lond of Alisaund&rrot;e<pc> &punctelev; </pc><hi rend="touched-red"
                            >þ</hi>annes he gan i<sg/>wiende</l>
                    <l xml:id="bodllaudmisc108.3ap.5"><hi rend="touched-red">Þ</hi><sg type="ln"/>o
                        he into Alisaund&rrot;e cam <pc> &punctelev; </pc><hi rend="touched-red"
                            >h</hi>is on newe scho</l>
                    <l xml:id="bodllaudmisc108.3ap.6"><hi rend="touched-red">w</hi><sg type="ln"
                        />ith<sg/>oute hurtingue of ani<sg/>þing<pc> &punctelev; </pc><hi
                            rend="touched-red">g</hi>an to ber&slong;te a<sg/>two</l>
                    <l xml:id="bodllaudmisc108.3ap.7"><hi rend="touched-red">Þ</hi><sg type="ln"/>o
                        was þis guode man of<sg/>d&rrot;ad<pc> &punctelev; </pc><hi
                            rend="touched-red">l</hi>ongue he &slong;tod in þouȝt</l>
                    <l xml:id="bodllaudmisc108.3ap.8"><hi rend="touched-red">A</hi><sg type="ln"/>nd
                        seide mi po&rrot;pos and mi wei<pc> &punctelev; </pc><hi rend="touched-red"
                            >i</hi>s nouþe to ende i<sg/>b&rrot;ouȝt</l>
                    <l xml:id="bodllaudmisc108.3ap.9"><hi rend="touched-red">Ȝ</hi><sg type="ln"/>if
                        it mi louerdes wille were<pc> &punctelev; </pc><hi rend="touched-red"
                        >þ</hi>at he me wolde þane deth sende</l>
                    <!-- folio 156 -->
                    <l xml:id="bodllaudmisc108.3ap.10"><hi rend="touched-red">I</hi><sg type="ln"
                        />ch am redi his wille a<sg/>fongue <pc> &punctelev; </pc><hi
                            rend="touched-red">ȝ</hi>wodere<note type="enc" resp="#bioHO001">[al.
                            &amp; wh.]</note> he wole þat ich<note type="enc" resp="#bioHO001">[al.
                            to]</note> wiende</l>
                    <l xml:id="bodllaudmisc108.3ap.11"><hi rend="touched-red">h</hi><sg type="ln"/>e
                        wende fo&rrot;th to a soutere<pc> &punctelev; </pc><hi rend="touched-red"
                            >ȝ</hi>if he is scho makie miȝte</l>
                    <l xml:id="bodllaudmisc108.3ap.12"><hi rend="touched-red">Þ</hi><sg type="ln"/>e
                        soutare atþe fur&slong;te &slong;tiche<pc> &punctelev; </pc><hi
                            rend="touched-red">f</hi>ul vuele is hond he p[r]iȝte<note type="enc"
                            resp="#bioHO001">[MS. piȝte]</note></l>
                    <l xml:id="bodllaudmisc108.3ap.13"><hi rend="touched-red">S</hi><sg type="ln"
                        />o&rrot;i and wroth þis soutare was<pc> &punctelev; </pc><hi
                            rend="touched-red">f</hi>o&rrot; him smert so so&rrot;e</l>
                    <l xml:id="bodllaudmisc108.3ap.14"><hi rend="touched-red">S</hi><sg type="ln"
                        />eint Marc bi<sg/>gan to p&rrot;echi þo<pc> &punctelev; </pc><hi
                            rend="touched-red">a</hi>nd tolde him of godes lo&rrot;e</l>
                    <l xml:id="bodllaudmisc108.3ap.15"><hi rend="touched-red">A</hi><sg type="ln"
                        />nd bad him bi<sg/>lieue on Iesu cri&slong;t<pc> &punctelev; </pc><hi
                            rend="touched-red">a</hi>nd cri&slong;tine<sg/>dom vnder<sg/>fongue</l>
                    <l xml:id="bodllaudmisc108.3ap.16"><hi rend="touched-red">A</hi><sg type="ln"
                        />nd he is hond hele wolde<pc> &punctelev; </pc><hi rend="touched-red"
                            >þ</hi>at i<sg/>hurt was so &slong;trongue</l>
                    <l xml:id="bodllaudmisc108.3ap.17"><hi rend="touched-red">S</hi><sg type="ln"
                        />eint Marc with is spottle<pc> &punctelev; </pc><hi rend="touched-red"
                            >w</hi>atte a lu&ydot;te vrþe on þe grounde</l>
                    <l xml:id="bodllaudmisc108.3ap.18"><hi rend="touched-red">A</hi><sg type="ln"
                        />nd þare<sg/>with he smeo&rrot;ede his so&rrot;e hond<pc> &punctelev;
                            </pc><hi rend="touched-red">a</hi>nd heo werth hol in a
                        &slong;tounde</l>
                    <l xml:id="bodllaudmisc108.3ap.19"><hi rend="touched-red">Þ</hi><sg type="ln"/>e
                        soutere and alle his bi<sg/>gonne þo<pc> &punctelev; </pc><hi
                            rend="touched-red">a</hi>nd euerech þat in þe &slong;trete cam</l>
                    <l xml:id="bodllaudmisc108.3ap.20"><hi rend="touched-red">t</hi><sg type="ln"/>o
                        bi<sg/>lieue on cri&slong;t godes sone<pc> &punctelev; </pc><hi
                            rend="touched-red">a</hi>nd a<sg/>fenguen cri&slong;tine<sg/>dam</l>
                    <l xml:id="bodllaudmisc108.3ap.21"><hi rend="touched-red">S</hi><sg type="ln"
                        />eint Marc ȝeode wide in londe<pc> &punctelev; </pc><hi rend="touched-red"
                            >t</hi>o p&rrot;echi godes lawe</l>
                    <l xml:id="bodllaudmisc108.3ap.22"><hi rend="touched-red">Þ</hi><sg type="ln"/>e
                        p&rrot;ince of þe londe it onder<sg/>ȝat<pc> &punctelev; </pc><hi
                            rend="touched-red">a</hi>nd þouȝte to don him of dawe</l>
                    <l xml:id="bodllaudmisc108.3ap.23"><hi rend="touched-red">h</hi><sg type="ln"/>e
                        liet him seche into al þat lond<pc> &punctelev; </pc><hi rend="touched-red"
                            >a</hi>nd þo he him hadde i<sg/>founde</l>
                    <l xml:id="bodllaudmisc108.3ap.24"><hi rend="touched-red">I</hi><sg type="ln"
                        />ch hote eov he seide to is men<pc> &punctelev; </pc><hi rend="touched-red"
                            >þ</hi>at he beo fa&slong;te i<sg/>bounde<note type="enc"
                            resp="#bioHO001">[v. 24 co&rrot;rupted.]</note></l>
                    <l xml:id="bodllaudmisc108.3ap.25"><hi rend="touched-red">F</hi><sg type="ln"
                        />o&rrot;<sg/>to he to þe p&rrot;isone come<pc> &punctelev; </pc><hi
                            rend="touched-red">a</hi>nd þare<sg/>inne ȝe him ca&slong;te
                        a<sg/>non</l>
                    <l xml:id="bodllaudmisc108.3ap.26"><hi rend="touched-red">O</hi><sg type="ln"
                        />uer<sg/>al is flechs was to<sg/>d&rrot;awe <pc> &punctelev; </pc><hi
                            rend="touched-red">r</hi>iȝt to þe bare bon</l>
                    <l xml:id="bodllaudmisc108.3ap.27"><hi rend="touched-red">w</hi><sg type="ln"
                        />ith Irene crokes,as men him d&rrot;owe<pc> &punctelev; </pc><hi
                            rend="touched-red">þ</hi>e mosseles leiȝen wel grete</l>
                    <l xml:id="bodllaudmisc108.3ap.28"><hi rend="touched-red">A</hi><sg type="ln"
                        />nd al blodie weren of is blod <pc> &punctelev; </pc><hi rend="touched-red"
                            >þ</hi>e &slong;tones in þe &slong;trete</l>
                    <l xml:id="bodllaudmisc108.3ap.29"><hi rend="touched-red">A</hi><sg type="ln"
                        /><sg/>niȝt ase he in p&rrot;isone lai<pc> &punctelev; </pc><hi
                            rend="touched-red">o</hi>re louerd to him cam</l>
                    <l xml:id="bodllaudmisc108.3ap.30"><hi rend="touched-red">I</hi><sg type="ln"/>n
                        fourme þat he on eo&rrot;þe was<pc> &punctelev; </pc><hi rend="touched-red"
                            >þ</hi>o he manhede nam</l>
                    <l xml:id="bodllaudmisc108.3ap.31"><hi rend="touched-red">M</hi><sg type="ln"
                        />arc he seide "beo wel glad<pc> &punctelev; </pc><hi rend="touched-red"
                            >a</hi>nd ȝarkne þe wel bliue</l>
                    <l xml:id="bodllaudmisc108.3ap.32"><hi rend="touched-red">F</hi><sg type="ln"
                        />o&rrot; þi name is i<sg/>write<pc> &punctelev; </pc><hi rend="touched-red"
                            >i</hi>n eche boke of liue<note type="enc" resp="#bioHO001">[al. in þe
                            b. of eche l.]</note></l>
                    <l xml:id="bodllaudmisc108.3ap.33"><hi rend="touched-red">Þ</hi><sg type="ln"
                        />ov schalt to<sg/>mo&rrot;ewe fo&rrot; mi loue<pc> &punctelev; </pc><hi
                            rend="touched-red">s</hi>offri deth wel &slong;tronge<note type="enc"
                            resp="#bioHO001">[MS. &slong;tronde]</note></l>
                    <l xml:id="bodllaudmisc108.3ap.34"><hi rend="touched-red">A</hi><sg type="ln"
                        />nd sethþe mine blisse of heouene<pc> &punctelev; </pc><hi
                            rend="touched-red">w</hi>ith<sg/>outen ende a<sg/>fongue</l>
                    <l xml:id="bodllaudmisc108.3ap.35"><hi rend="touched-red">S</hi><sg type="ln"
                        />eint Marc þonkede o&rrot;e louerd ful ȝeo&rrot;ne<pc> &punctelev; </pc><hi
                            rend="touched-red">a</hi>se he<note type="enc" resp="#bioHO001">[al.
                            and]</note> in his bedes la&ydot;</l>
                    <l xml:id="bodllaudmisc108.3ap.36"><hi rend="touched-red">A</hi><sg type="ln"
                        /><sg/>mo&rrot;ewe þe p&rrot;ince him liet up fette<pc> &punctelev; </pc><hi
                            rend="touched-red">s</hi>one so it was dai</l>
                    <l xml:id="bodllaudmisc108.3ap.37">A &slong;trong rop he liet nime<pc>
                            &punctelev; </pc><hi rend="touched-red">a</hi>nd a<sg/>boute is swere
                        binde</l>
                    <l xml:id="bodllaudmisc108.3ap.38"><hi rend="touched-red">A</hi><sg type="ln"
                        />nd teiden<note type="enc" resp="#bioHO001">[r. teien]</note> him sethþe to
                        a wilde ho&rrot;s<pc> &punctelev; </pc><hi rend="touched-red">a</hi>t þe
                        taile bi<sg/>hinde</l>
                    <l xml:id="bodllaudmisc108.3ap.39"><hi rend="touched-red">h</hi><sg type="ln"/>e
                        liet him d&rrot;awe þo&rrot;uȝ al þe toun<pc> &punctelev; </pc><hi
                            rend="touched-red">þ</hi>at ech lime fram oþer wende</l>
                    <l xml:id="bodllaudmisc108.3ap.40"><hi rend="touched-red">Þ</hi><sg type="ln"
                        />us seint Marc þe holie man<pc> &punctelev; </pc><hi rend="touched-red"
                            >h</hi>is soule to o&rrot;e louerd sende</l>
                    <l xml:id="bodllaudmisc108.3ap.41"><hi rend="touched-red">I</hi><sg type="ln"/>n
                        þe Monþe of Aueril þis was<pc> &punctelev; </pc><hi rend="touched-red"
                            >m</hi>en scholden fa&slong;te is eue</l>
                    <l xml:id="bodllaudmisc108.3ap.42"><hi rend="touched-red">A</hi><sg type="ln"
                        />ke fo&rrot; þe heiȝe fe&slong;te of ea&slong;tur<sg/>dai<pc> &punctelev;
                            </pc><hi rend="touched-red">m</hi>en it doth bi<sg/>leue</l>
                    <l xml:id="bodllaudmisc108.3ap.43"><hi rend="touched-red">h</hi><sg type="ln"
                        />is dai men fa&slong;tez þo&rrot;uȝ al þat lond<pc> &punctelev; </pc><hi
                            rend="touched-red">f</hi>o&rrot; him<sg/>seolf nis it nouȝt</l>
                    <l xml:id="bodllaudmisc108.3ap.44"><hi rend="touched-red">A</hi><sg type="ln"
                        />ke fo&rrot; reuerence of þe baneres<pc> &punctelev; </pc><hi
                            rend="touched-red">[</hi>þat] in þat dai beoth fo&rrot;t
                        i<sg/>b&rrot;ouȝt</l>
                    <l xml:id="bodllaudmisc108.3ap.45"><hi rend="touched-red">F</hi><sg type="ln"
                        />o&rrot; men berez heom eche ȝere a<sg/>boute<pc> &punctelev; </pc><hi
                            rend="touched-red">a</hi>se red is þare<sg/>of i<sg/>nome,<note
                            type="enc" resp="#bioHO001">[vv. 45<sg/>50 om. in mo&slong;t MSS.
                            (except MS. Vernon).]</note></l>
                    <l xml:id="bodllaudmisc108.3ap.46"><hi rend="touched-red">t</hi><sg type="ln"/>o
                        bidden fo&rrot; þe eo&rrot;þe blede<pc> &punctelev; </pc><hi
                            rend="touched-red">þ</hi>at it mote wel fo&rrot;th come</l>
                    <l xml:id="bodllaudmisc108.3ap.47"><hi rend="touched-red">M</hi><sg type="ln"
                        />en fa&slong;tez ȝwane hu&ydot; fo&rrot;me&slong;t berez heom out<pc>
                            &punctelev; </pc><hi rend="touched-red">a</hi><sg/>seint Marcus dai
                        þare<sg/>fo&rrot;e</l>
                    <l xml:id="bodllaudmisc108.3ap.48"><hi rend="touched-red">A</hi><sg type="ln"
                        />nd þreo dawes a<sg/>ȝein halewe<sg/>þo&rrot;esda&ydot;<pc> &punctelev;
                            </pc><hi rend="touched-red">ȝ</hi>wane hu&ydot; bez fo&rrot;þer
                        i<sg/>bo&rrot;e</l>
                    <l xml:id="bodllaudmisc108.3ap.49"><hi rend="touched-red">b</hi><sg type="ln"
                        />idde we nouþe seint Marc<pc> &punctelev; </pc><hi rend="touched-red"
                            >ȝ</hi>was lijf we habbez i<sg/>heo&rrot;d to þe ende</l>
                    <l xml:id="bodllaudmisc108.3ap.50"><hi rend="touched-red">Þ</hi><sg type="ln"
                        />at o&rrot;e soule mote þo&rrot;uȝ his Arndingue<pc> &punctelev; </pc><hi
                            rend="touched-red">i</hi>nto heouene i<sg/>wiende</l>
                </lg>
            </div1>
        </body>
    </text>
</TEI>
