<facsimile>
    <!-- This section has been added for testing Dot Porter's collation tool. See the top of <physDesc> for details. -->
    <!-- These are the first two surviving folios according to Liszka. There must be a <surface> for every page with 
		an image. -->
    <surface n="1(a) recto">
        <graphic url="master/W4_000001_1200a.tif"/>
    </surface>
    <surface n="1(a) verso">
        <graphic url="master/W4_000001_1200a.tif"/>
    </surface>
    <surface n="1(b) recto">
        <graphic url="master/W4_000001_1200a.tif"/>
    </surface>
    <surface n="1(b) verso">
        <graphic url="master/W4_000001_1200a.tif"/>
    </surface>
    <surface n="2r">
        <graphic url="master/W4_000001_1200a.tif"/>
    </surface>
    <surface n="2v">
        <graphic url="master/W4_000001_1200a.tif"/>
    </surface>
    <surface n="3r">
        <graphic url="master/W4_000001_1200a.tif"/>
    </surface>
    <surface n="3v">
        <graphic url="master/W4_000001_1200a.tif"/>
    </surface>
    <surface n="4r">
        <graphic url="master/W4_000001_1200a.tif"/>
    </surface>
    <surface n="4v">
        <graphic url="master/W4_000001_1200a.tif"/>
    </surface>
    <surface n="5r">
        <graphic url="master/W4_000001_1200a.tif"/>
    </surface>
    <surface n="5v">
        <graphic url="master/W4_000001_1200a.tif"/>
    </surface>
    <surface n="6r">
        <graphic url="master/W4_000001_1200a.tif"/>
    </surface>
    <surface n="6v">
        <graphic url="master/W4_000001_1200a.tif"/>
    </surface>
    <surface n="7r">
        <graphic url="master/W4_000001_1200a.tif"/>
    </surface>
    <surface n="7v">
        <graphic url="master/W4_000001_1200a.tif"/>
    </surface>
    <surface n="8r">
        <graphic url="master/W4_000001_1200a.tif"/>
    </surface>
    <surface n="8v">
        <graphic url="master/W4_000001_1200a.tif"/>
    </surface>
    <surface n="9r">
        <graphic url="master/W4_000001_1200a.tif"/>
    </surface>
    <surface n="9v">
        <graphic url="master/W4_000001_1200a.tif"/>
    </surface>
    <surface n="10r">
        <graphic url="master/W4_000001_1200a.tif"/>
    </surface>
    <surface n="10v">
        <graphic url="master/W4_000001_1200a.tif"/>
    </surface>
    <surface n="11r">
        <graphic url="master/W4_000001_1200a.tif"/>
    </surface>
    <surface n="11v">
        <graphic url="master/W4_000001_1200a.tif"/>
    </surface>
    <surface n="12r">
        <graphic url="master/W4_000001_1200a.tif"/>
    </surface>
    <surface n="12v">
        <graphic url="master/W4_000001_1200a.tif"/>
    </surface>
    <surface n="13r">
        <graphic url="master/W4_000001_1200a.tif"/>
    </surface>
    <surface n="13v">
        <graphic url="master/W4_000001_1200a.tif"/>
    </surface>
    <surface n="14r">
        <graphic url="master/W4_000001_1200a.tif"/>
    </surface>
    <surface n="14v">
        <graphic url="master/W4_000001_1200a.tif"/>
    </surface>
    <surface n="15r">
        <graphic url="master/W4_000001_1200a.tif"/>
    </surface>
    <surface n="15v">
        <graphic url="master/W4_000001_1200a.tif"/>
    </surface>
    <surface n="16r">
        <graphic url="master/W4_000001_1200a.tif"/>
    </surface>
    <surface n="16v">
        <graphic url="master/W4_000001_1200a.tif"/>
    </surface>
    <surface n="17r">
        <graphic url="master/W4_000001_1200a.tif"/>
    </surface>
    <surface n="17v">
        <graphic url="master/W4_000001_1200a.tif"/>
    </surface>
    <surface n="18r">
        <graphic url="master/W4_000001_1200a.tif"/>
    </surface>
    <surface n="18v">
        <graphic url="master/W4_000001_1200a.tif"/>
    </surface>
    <surface n="19r">
        <graphic url="master/W4_000001_1200a.tif"/>
    </surface>
    <surface n="19v">
        <graphic url="master/W4_000001_1200a.tif"/>
    </surface>
    <surface n="20r">
        <graphic url="master/W4_000001_1200a.tif"/>
    </surface>
    <surface n="20v">
        <graphic url="master/W4_000001_1200a.tif"/>
    </surface>
    <surface n="21r">
        <graphic url="master/W4_000001_1200a.tif"/>
    </surface>
    <surface n="21v">
        <graphic url="master/W4_000001_1200a.tif"/>
    </surface>
    <surface n="22r">
        <graphic url="master/W4_000001_1200a.tif"/>
    </surface>
    <surface n="22v">
        <graphic url="master/W4_000001_1200a.tif"/>
    </surface>
    <surface n="23r">
        <graphic url="master/W4_000001_1200a.tif"/>
    </surface>
    <surface n="23v">
        <graphic url="master/W4_000001_1200a.tif"/>
    </surface>
    <surface n="24r">
        <graphic url="master/W4_000001_1200a.tif"/>
    </surface>
    <surface n="24v">
        <graphic url="master/W4_000001_1200a.tif"/>
    </surface>
    <surface n="25r">
        <graphic url="master/W4_000001_1200a.tif"/>
    </surface>
    <surface n="25v">
        <graphic url="master/W4_000001_1200a.tif"/>
    </surface>
    <surface n="26r">
        <graphic url="master/W4_000001_1200a.tif"/>
    </surface>
    <surface n="26v">
        <graphic url="master/W4_000001_1200a.tif"/>
    </surface>
    <surface n="27r">
        <graphic url="master/W4_000001_1200a.tif"/>
    </surface>
    <surface n="27v">
        <graphic url="master/W4_000001_1200a.tif"/>
    </surface>
    <surface n="28r">
        <graphic url="master/W4_000001_1200a.tif"/>
    </surface>
    <surface n="28v">
        <graphic url="master/W4_000001_1200a.tif"/>
    </surface>
    <surface n="29r">
        <graphic url="master/W4_000001_1200a.tif"/>
    </surface>
    <surface n="29v">
        <graphic url="master/W4_000001_1200a.tif"/>
    </surface>
    <surface n="30a recto">
        <graphic url="master/W4_000001_1200a.tif"/>
    </surface>
    <surface n="30a verso">
        <graphic url="master/W4_000001_1200a.tif"/>
    </surface>
    <surface n="30b recto">
        <graphic url="master/W4_000001_1200a.tif"/>
    </surface>
    <surface n="30b verso">
        <graphic url="master/W4_000001_1200a.tif"/>
    </surface>
    <surface n="31r">
        <graphic url="master/W4_000001_1200a.tif"/>
    </surface>
    <surface n="31v">
        <graphic url="master/W4_000001_1200a.tif"/>
    </surface>
    <surface n="32r">
        <graphic url="master/W4_000001_1200a.tif"/>
    </surface>
    <surface n="32v">
        <graphic url="master/W4_000001_1200a.tif"/>
    </surface>
    <surface n="33r">
        <graphic url="master/W4_000001_1200a.tif"/>
    </surface>
    <surface n="33v">
        <graphic url="master/W4_000001_1200a.tif"/>
    </surface>
    <surface n="34r">
        <graphic url="master/W4_000001_1200a.tif"/>
    </surface>
    <surface n="34v">
        <graphic url="master/W4_000001_1200a.tif"/>
    </surface>
    <surface n="35r">
        <graphic url="master/W4_000001_1200a.tif"/>
    </surface>
    <surface n="35v">
        <graphic url="master/W4_000001_1200a.tif"/>
    </surface>
    <surface n="36r">
        <graphic url="master/W4_000001_1200a.tif"/>
    </surface>
    <surface n="36v">
        <graphic url="master/W4_000001_1200a.tif"/>
    </surface>
    <surface n="37r">
        <graphic url="master/W4_000001_1200a.tif"/>
    </surface>
    <surface n="37v">
        <graphic url="master/W4_000001_1200a.tif"/>
    </surface>
    <surface n="38r">
        <graphic url="master/W4_000001_1200a.tif"/>
    </surface>
    <surface n="38v">
        <graphic url="master/W4_000001_1200a.tif"/>
    </surface>
    <surface n="39r">
        <graphic url="master/W4_000001_1200a.tif"/>
    </surface>
    <surface n="39v">
        <graphic url="master/W4_000001_1200a.tif"/>
    </surface>
    <surface n="40r">
        <graphic url="master/W4_000001_1200a.tif"/>
    </surface>
    <surface n="40v">
        <graphic url="master/W4_000001_1200a.tif"/>
    </surface>
    <surface n="41r">
        <graphic url="master/W4_000001_1200a.tif"/>
    </surface>
    <surface n="41v">
        <graphic url="master/W4_000001_1200a.tif"/>
    </surface>
    <surface n="42r">
        <graphic url="master/W4_000001_1200a.tif"/>
    </surface>
    <surface n="42v">
        <graphic url="master/W4_000001_1200a.tif"/>
    </surface>
    <surface n="43r">
        <graphic url="master/W4_000001_1200a.tif"/>
    </surface>
    <surface n="43v">
        <graphic url="master/W4_000001_1200a.tif"/>
    </surface>
    <surface n="44r">
        <graphic url="master/W4_000001_1200a.tif"/>
    </surface>
    <surface n="44v">
        <graphic url="master/W4_000001_1200a.tif"/>
    </surface>
    <surface n="45r">
        <graphic url="master/W4_000001_1200a.tif"/>
    </surface>
    <surface n="45v">
        <graphic url="master/W4_000001_1200a.tif"/>
    </surface>
    <surface n="46r">
        <graphic url="master/W4_000001_1200a.tif"/>
    </surface>
    <surface n="46v">
        <graphic url="master/W4_000001_1200a.tif"/>
    </surface>
    <surface n="47r">
        <graphic url="master/W4_000001_1200a.tif"/>
    </surface>
    <surface n="47v">
        <graphic url="master/W4_000001_1200a.tif"/>
    </surface>
    <surface n="48r">
        <graphic url="master/W4_000001_1200a.tif"/>
    </surface>
    <surface n="48v">
        <graphic url="master/W4_000001_1200a.tif"/>
    </surface>
    <surface n="49r">
        <graphic url="master/W4_000001_1200a.tif"/>
    </surface>
    <surface n="49v">
        <graphic url="master/W4_000001_1200a.tif"/>
    </surface>
    <surface n="50r">
        <graphic url="master/W4_000001_1200a.tif"/>
    </surface>
    <surface n="50v">
        <graphic url="master/W4_000001_1200a.tif"/>
    </surface>
    <surface n="51r">
        <graphic url="master/W4_000001_1200a.tif"/>
    </surface>
    <surface n="51v">
        <graphic url="master/W4_000001_1200a.tif"/>
    </surface>
    <surface n="52r">
        <graphic url="master/W4_000001_1200a.tif"/>
    </surface>
    <surface n="52v">
        <graphic url="master/W4_000001_1200a.tif"/>
    </surface>
    <surface n="53r">
        <graphic url="master/W4_000001_1200a.tif"/>
    </surface>
    <surface n="53v">
        <graphic url="master/W4_000001_1200a.tif"/>
    </surface>
    <surface n="54r">
        <graphic url="master/W4_000001_1200a.tif"/>
    </surface>
    <surface n="54v">
        <graphic url="master/W4_000001_1200a.tif"/>
    </surface>
    <surface n="55r">
        <graphic url="master/W4_000001_1200a.tif"/>
    </surface>
    <surface n="55v">
        <graphic url="master/W4_000001_1200a.tif"/>
    </surface>
    <surface n="56r">
        <graphic url="master/W4_000001_1200a.tif"/>
    </surface>
    <surface n="56v">
        <graphic url="master/W4_000001_1200a.tif"/>
    </surface>
    <surface n="57r">
        <graphic url="master/W4_000001_1200a.tif"/>
    </surface>
    <surface n="57v">
        <graphic url="master/W4_000001_1200a.tif"/>
    </surface>
    <surface n="58r">
        <graphic url="master/W4_000001_1200a.tif"/>
    </surface>
    <surface n="58v">
        <graphic url="master/W4_000001_1200a.tif"/>
    </surface>
    <surface n="59r">
        <graphic url="master/W4_000001_1200a.tif"/>
    </surface>
    <surface n="59v">
        <graphic url="master/W4_000001_1200a.tif"/>
    </surface>
    <surface n="60r">
        <graphic url="master/W4_000001_1200a.tif"/>
    </surface>
    <surface n="60v">
        <graphic url="master/W4_000001_1200a.tif"/>
    </surface>
    <surface n="61r">
        <graphic url="master/W4_000001_1200a.tif"/>
    </surface>
    <surface n="61v">
        <graphic url="master/W4_000001_1200a.tif"/>
    </surface>
    <surface n="62r">
        <graphic url="master/W4_000001_1200a.tif"/>
    </surface>
    <surface n="62v">
        <graphic url="master/W4_000001_1200a.tif"/>
    </surface>
    <surface n="63r">
        <graphic url="master/W4_000001_1200a.tif"/>
    </surface>
    <surface n="63v">
        <graphic url="master/W4_000001_1200a.tif"/>
    </surface>
    <surface n="64r">
        <graphic url="master/W4_000001_1200a.tif"/>
    </surface>
    <surface n="64v">
        <graphic url="master/W4_000001_1200a.tif"/>
    </surface>
    <surface n="65r">
        <graphic url="master/W4_000001_1200a.tif"/>
    </surface>
    <surface n="65v">
        <graphic url="master/W4_000001_1200a.tif"/>
    </surface>
    <surface n="66r">
        <graphic url="master/W4_000001_1200a.tif"/>
    </surface>
    <surface n="66v">
        <graphic url="master/W4_000001_1200a.tif"/>
    </surface>
    <surface n="67r">
        <graphic url="master/W4_000001_1200a.tif"/>
    </surface>
    <surface n="67v">
        <graphic url="master/W4_000001_1200a.tif"/>
    </surface>
    <surface n="68r">
        <graphic url="master/W4_000001_1200a.tif"/>
    </surface>
    <surface n="68v">
        <graphic url="master/W4_000001_1200a.tif"/>
    </surface>
    <surface n="69r">
        <graphic url="master/W4_000001_1200a.tif"/>
    </surface>
    <surface n="69v">
        <graphic url="master/W4_000001_1200a.tif"/>
    </surface>
    <surface n="70r">
        <graphic url="master/W4_000001_1200a.tif"/>
    </surface>
    <surface n="70v">
        <graphic url="master/W4_000001_1200a.tif"/>
    </surface>
    <surface n="71r">
        <graphic url="master/W4_000001_1200a.tif"/>
    </surface>
    <surface n="71v">
        <graphic url="master/W4_000001_1200a.tif"/>
    </surface>
    <surface n="72r">
        <graphic url="master/W4_000001_1200a.tif"/>
    </surface>
    <surface n="72v">
        <graphic url="master/W4_000001_1200a.tif"/>
    </surface>
    <surface n="73r">
        <graphic url="master/W4_000001_1200a.tif"/>
    </surface>
    <surface n="73v">
        <graphic url="master/W4_000001_1200a.tif"/>
    </surface>
    <surface n="74r">
        <graphic url="master/W4_000001_1200a.tif"/>
    </surface>
    <surface n="74v">
        <graphic url="master/W4_000001_1200a.tif"/>
    </surface>
    <surface n="75r">
        <graphic url="master/W4_000001_1200a.tif"/>
    </surface>
    <surface n="75v">
        <graphic url="master/W4_000001_1200a.tif"/>
    </surface>
    <surface n="76r">
        <graphic url="master/W4_000001_1200a.tif"/>
    </surface>
    <surface n="76v">
        <graphic url="master/W4_000001_1200a.tif"/>
    </surface>
    <surface n="77r">
        <graphic url="master/W4_000001_1200a.tif"/>
    </surface>
    <surface n="77v">
        <graphic url="master/W4_000001_1200a.tif"/>
    </surface>
    <surface n="78r">
        <graphic url="master/W4_000001_1200a.tif"/>
    </surface>
    <surface n="78v">
        <graphic url="master/W4_000001_1200a.tif"/>
    </surface>
    <surface n="79r">
        <graphic url="master/W4_000001_1200a.tif"/>
    </surface>
    <surface n="79v">
        <graphic url="master/W4_000001_1200a.tif"/>
    </surface>
    <surface n="80r">
        <graphic url="master/W4_000001_1200a.tif"/>
    </surface>
    <surface n="80v">
        <graphic url="master/W4_000001_1200a.tif"/>
    </surface>
    <surface n="81r">
        <graphic url="master/W4_000001_1200a.tif"/>
    </surface>
    <surface n="81v">
        <graphic url="master/W4_000001_1200a.tif"/>
    </surface>
    <surface n="82r">
        <graphic url="master/W4_000001_1200a.tif"/>
    </surface>
    <surface n="82v">
        <graphic url="master/W4_000001_1200a.tif"/>
    </surface>
    <surface n="83r">
        <graphic url="master/W4_000001_1200a.tif"/>
    </surface>
    <surface n="83v">
        <graphic url="master/W4_000001_1200a.tif"/>
    </surface>
    <surface n="84r">
        <graphic url="master/W4_000001_1200a.tif"/>
    </surface>
    <surface n="84v">
        <graphic url="master/W4_000001_1200a.tif"/>
    </surface>
    <surface n="85r">
        <graphic url="master/W4_000001_1200a.tif"/>
    </surface>
    <surface n="85v">
        <graphic url="master/W4_000001_1200a.tif"/>
    </surface>
    <surface n="86r">
        <graphic url="master/W4_000001_1200a.tif"/>
    </surface>
    <surface n="86v">
        <graphic url="master/W4_000001_1200a.tif"/>
    </surface>
    <surface n="87r">
        <graphic url="master/W4_000001_1200a.tif"/>
    </surface>
    <surface n="87v">
        <graphic url="master/W4_000001_1200a.tif"/>
    </surface>
    <surface n="88r">
        <graphic url="master/W4_000001_1200a.tif"/>
    </surface>
    <surface n="88v">
        <graphic url="master/W4_000001_1200a.tif"/>
    </surface>
    <surface n="89r">
        <graphic url="master/W4_000001_1200a.tif"/>
    </surface>
    <surface n="89v">
        <graphic url="master/W4_000001_1200a.tif"/>
    </surface>
    <surface n="90r">
        <graphic url="master/W4_000001_1200a.tif"/>
    </surface>
    <surface n="90v">
        <graphic url="master/W4_000001_1200a.tif"/>
    </surface>
    <surface n="91r">
        <graphic url="master/W4_000001_1200a.tif"/>
    </surface>
    <surface n="91v">
        <graphic url="master/W4_000001_1200a.tif"/>
    </surface>
    <surface n="92r">
        <graphic url="master/W4_000001_1200a.tif"/>
    </surface>
    <surface n="92v">
        <graphic url="master/W4_000001_1200a.tif"/>
    </surface>
    <surface n="93r">
        <graphic url="master/W4_000001_1200a.tif"/>
    </surface>
    <surface n="93v">
        <graphic url="master/W4_000001_1200a.tif"/>
    </surface>
    <surface n="94r">
        <graphic url="master/W4_000001_1200a.tif"/>
    </surface>
    <surface n="94v">
        <graphic url="master/W4_000001_1200a.tif"/>
    </surface>
    <surface n="95r">
        <graphic url="master/W4_000001_1200a.tif"/>
    </surface>
    <surface n="95v">
        <graphic url="master/W4_000001_1200a.tif"/>
    </surface>
    <surface n="96r">
        <graphic url="master/W4_000001_1200a.tif"/>
    </surface>
    <surface n="96v">
        <graphic url="master/W4_000001_1200a.tif"/>
    </surface>
    <surface n="97r">
        <graphic url="master/W4_000001_1200a.tif"/>
    </surface>
    <surface n="97v">
        <graphic url="master/W4_000001_1200a.tif"/>
    </surface>
    <surface n="98r">
        <graphic url="master/W4_000001_1200a.tif"/>
    </surface>
    <surface n="98v">
        <graphic url="master/W4_000001_1200a.tif"/>
    </surface>
    <surface n="99r">
        <graphic url="master/W4_000001_1200a.tif"/>
    </surface>
    <surface n="99v">
        <graphic url="master/W4_000001_1200a.tif"/>
    </surface>
    <surface n="100r">
        <graphic url="master/W4_000001_1200a.tif"/>
    </surface>
    <surface n="100v">
        <graphic url="master/W4_000001_1200a.tif"/>
    </surface>
    <surface n="101r">
        <graphic url="master/W4_000001_1200a.tif"/>
    </surface>
    <surface n="101v">
        <graphic url="master/W4_000001_1200a.tif"/>
    </surface>
    <surface n="102r">
        <graphic url="master/W4_000001_1200a.tif"/>
    </surface>
    <surface n="102v">
        <graphic url="master/W4_000001_1200a.tif"/>
    </surface>
    <surface n="103r">
        <graphic url="master/W4_000001_1200a.tif"/>
    </surface>
    <surface n="103v">
        <graphic url="master/W4_000001_1200a.tif"/>
    </surface>
    <surface n="104r">
        <graphic url="master/W4_000001_1200a.tif"/>
    </surface>
    <surface n="104v">
        <graphic url="master/W4_000001_1200a.tif"/>
    </surface>
    <surface n="105r">
        <graphic url="master/W4_000001_1200a.tif"/>
    </surface>
    <surface n="105v">
        <graphic url="master/W4_000001_1200a.tif"/>
    </surface>
    <surface n="106r">
        <graphic url="master/W4_000001_1200a.tif"/>
    </surface>
    <surface n="106v">
        <graphic url="master/W4_000001_1200a.tif"/>
    </surface>
    <surface n="107r">
        <graphic url="master/W4_000001_1200a.tif"/>
    </surface>
    <surface n="107v">
        <graphic url="master/W4_000001_1200a.tif"/>
    </surface>
    <surface n="108r">
        <graphic url="master/W4_000001_1200a.tif"/>
    </surface>
    <surface n="108v">
        <graphic url="master/W4_000001_1200a.tif"/>
    </surface>
    <surface n="109r">
        <graphic url="master/W4_000001_1200a.tif"/>
    </surface>
    <surface n="109v">
        <graphic url="master/W4_000001_1200a.tif"/>
    </surface>
    <surface n="110r">
        <graphic url="master/W4_000001_1200a.tif"/>
    </surface>
    <surface n="110v">
        <graphic url="master/W4_000001_1200a.tif"/>
    </surface>
    <surface n="111r">
        <graphic url="master/W4_000001_1200a.tif"/>
    </surface>
    <surface n="111v">
        <graphic url="master/W4_000001_1200a.tif"/>
    </surface>
    <surface n="112r">
        <graphic url="master/W4_000001_1200a.tif"/>
    </surface>
    <surface n="112v">
        <graphic url="master/W4_000001_1200a.tif"/>
    </surface>
    <surface n="113r">
        <graphic url="master/W4_000001_1200a.tif"/>
    </surface>
    <surface n="113v">
        <graphic url="master/W4_000001_1200a.tif"/>
    </surface>
    <surface n="114r">
        <graphic url="master/W4_000001_1200a.tif"/>
    </surface>
    <surface n="114v">
        <graphic url="master/W4_000001_1200a.tif"/>
    </surface>
    <surface n="115r">
        <graphic url="master/W4_000001_1200a.tif"/>
    </surface>
    <surface n="115v">
        <graphic url="master/W4_000001_1200a.tif"/>
    </surface>
    <surface n="116r">
        <graphic url="master/W4_000001_1200a.tif"/>
    </surface>
    <surface n="116v">
        <graphic url="master/W4_000001_1200a.tif"/>
    </surface>
    <surface n="117r">
        <graphic url="master/W4_000001_1200a.tif"/>
    </surface>
    <surface n="117v">
        <graphic url="master/W4_000001_1200a.tif"/>
    </surface>
    <surface n="118r">
        <graphic url="master/W4_000001_1200a.tif"/>
    </surface>
    <surface n="118v">
        <graphic url="master/W4_000001_1200a.tif"/>
    </surface>
    <surface n="119r">
        <graphic url="master/W4_000001_1200a.tif"/>
    </surface>
    <surface n="119v">
        <graphic url="master/W4_000001_1200a.tif"/>
    </surface>
    <surface n="120r">
        <graphic url="master/W4_000001_1200a.tif"/>
    </surface>
    <surface n="120v">
        <graphic url="master/W4_000001_1200a.tif"/>
    </surface>
    <surface n="121r">
        <graphic url="master/W4_000001_1200a.tif"/>
    </surface>
    <surface n="121v">
        <graphic url="master/W4_000001_1200a.tif"/>
    </surface>
    <surface n="122r">
        <graphic url="master/W4_000001_1200a.tif"/>
    </surface>
    <surface n="122v">
        <graphic url="master/W4_000001_1200a.tif"/>
    </surface>
    <surface n="123r">
        <graphic url="master/W4_000001_1200a.tif"/>
    </surface>
    <surface n="123v">
        <graphic url="master/W4_000001_1200a.tif"/>
    </surface>
    <surface n="124r">
        <graphic url="master/W4_000001_1200a.tif"/>
    </surface>
    <surface n="124v">
        <graphic url="master/W4_000001_1200a.tif"/>
    </surface>
    <surface n="125r">
        <graphic url="master/W4_000001_1200a.tif"/>
    </surface>
    <surface n="125v">
        <graphic url="master/W4_000001_1200a.tif"/>
    </surface>
    <surface n="126r">
        <graphic url="master/W4_000001_1200a.tif"/>
    </surface>
    <surface n="126v">
        <graphic url="master/W4_000001_1200a.tif"/>
    </surface>
    <surface n="127r">
        <graphic url="master/W4_000001_1200a.tif"/>
    </surface>
    <surface n="127v">
        <graphic url="master/W4_000001_1200a.tif"/>
    </surface>
    <surface n="128r">
        <graphic url="master/W4_000001_1200a.tif"/>
    </surface>
    <surface n="128v">
        <graphic url="master/W4_000001_1200a.tif"/>
    </surface>
    <surface n="129r">
        <graphic url="master/W4_000001_1200a.tif"/>
    </surface>
    <surface n="129v">
        <graphic url="master/W4_000001_1200a.tif"/>
    </surface>
    <surface n="130r">
        <graphic url="master/W4_000001_1200a.tif"/>
    </surface>
    <surface n="130v">
        <graphic url="master/W4_000001_1200a.tif"/>
    </surface>
    <surface n="131r">
        <graphic url="master/W4_000001_1200a.tif"/>
    </surface>
    <surface n="131v">
        <graphic url="master/W4_000001_1200a.tif"/>
    </surface>
    <surface n="132r">
        <graphic url="master/W4_000001_1200a.tif"/>
    </surface>
    <surface n="132v">
        <graphic url="master/W4_000001_1200a.tif"/>
    </surface>
    <surface n="133r">
        <graphic url="master/W4_000001_1200a.tif"/>
    </surface>
    <surface n="133v">
        <graphic url="master/W4_000001_1200a.tif"/>
    </surface>
    <surface n="134r">
        <graphic url="master/W4_000001_1200a.tif"/>
    </surface>
    <surface n="134v">
        <graphic url="master/W4_000001_1200a.tif"/>
    </surface>
    <surface n="135r">
        <graphic url="master/W4_000001_1200a.tif"/>
    </surface>
    <surface n="135v">
        <graphic url="master/W4_000001_1200a.tif"/>
    </surface>
    <surface n="136r">
        <graphic url="master/W4_000001_1200a.tif"/>
    </surface>
    <surface n="136v">
        <graphic url="master/W4_000001_1200a.tif"/>
    </surface>
    <surface n="137r">
        <graphic url="master/W4_000001_1200a.tif"/>
    </surface>
    <surface n="137v">
        <graphic url="master/W4_000001_1200a.tif"/>
    </surface>
    <surface n="138r">
        <graphic url="master/W4_000001_1200a.tif"/>
    </surface>
    <surface n="138v">
        <graphic url="master/W4_000001_1200a.tif"/>
    </surface>
    <surface n="139r">
        <graphic url="master/W4_000001_1200a.tif"/>
    </surface>
    <surface n="139v">
        <graphic url="master/W4_000001_1200a.tif"/>
    </surface>
    <surface n="140r">
        <graphic url="master/W4_000001_1200a.tif"/>
    </surface>
    <surface n="140v">
        <graphic url="master/W4_000001_1200a.tif"/>
    </surface>
    <surface n="141r">
        <graphic url="master/W4_000001_1200a.tif"/>
    </surface>
    <surface n="141v">
        <graphic url="master/W4_000001_1200a.tif"/>
    </surface>
    <surface n="142r">
        <graphic url="master/W4_000001_1200a.tif"/>
    </surface>
    <surface n="142v">
        <graphic url="master/W4_000001_1200a.tif"/>
    </surface>
    <surface n="143r">
        <graphic url="master/W4_000001_1200a.tif"/>
    </surface>
    <surface n="143v">
        <graphic url="master/W4_000001_1200a.tif"/>
    </surface>
    <surface n="144r">
        <graphic url="master/W4_000001_1200a.tif"/>
    </surface>
    <surface n="144v">
        <graphic url="master/W4_000001_1200a.tif"/>
    </surface>
    <surface n="145r">
        <graphic url="master/W4_000001_1200a.tif"/>
    </surface>
    <surface n="145v">
        <graphic url="master/W4_000001_1200a.tif"/>
    </surface>
    <surface n="146r">
        <graphic url="master/W4_000001_1200a.tif"/>
    </surface>
    <surface n="146v">
        <graphic url="master/W4_000001_1200a.tif"/>
    </surface>
    <surface n="147r">
        <graphic url="master/W4_000001_1200a.tif"/>
    </surface>
    <surface n="147v">
        <graphic url="master/W4_000001_1200a.tif"/>
    </surface>
    <surface n="148r">
        <graphic url="master/W4_000001_1200a.tif"/>
    </surface>
    <surface n="148v">
        <graphic url="master/W4_000001_1200a.tif"/>
    </surface>
    <surface n="149r">
        <graphic url="master/W4_000001_1200a.tif"/>
    </surface>
    <surface n="149v">
        <graphic url="master/W4_000001_1200a.tif"/>
    </surface>
    <surface n="150r">
        <graphic url="master/W4_000001_1200a.tif"/>
    </surface>
    <surface n="150v">
        <graphic url="master/W4_000001_1200a.tif"/>
    </surface>
    <surface n="151r">
        <graphic url="master/W4_000001_1200a.tif"/>
    </surface>
    <surface n="151v">
        <graphic url="master/W4_000001_1200a.tif"/>
    </surface>
    <surface n="152r">
        <graphic url="master/W4_000001_1200a.tif"/>
    </surface>
    <surface n="152v">
        <graphic url="master/W4_000001_1200a.tif"/>
    </surface>
    <surface n="153r">
        <graphic url="master/W4_000001_1200a.tif"/>
    </surface>
    <surface n="153v">
        <graphic url="master/W4_000001_1200a.tif"/>
    </surface>
    <surface n="154r">
        <graphic url="master/W4_000001_1200a.tif"/>
    </surface>
    <surface n="154v">
        <graphic url="master/W4_000001_1200a.tif"/>
    </surface>
    <surface n="155r">
        <graphic url="master/W4_000001_1200a.tif"/>
    </surface>
    <surface n="155v">
        <graphic url="master/W4_000001_1200a.tif"/>
    </surface>
    <surface n="156r">
        <graphic url="master/W4_000001_1200a.tif"/>
    </surface>
    <surface n="156v">
        <graphic url="master/W4_000001_1200a.tif"/>
    </surface>
    <surface n="157r">
        <graphic url="master/W4_000001_1200a.tif"/>
    </surface>
    <surface n="157v">
        <graphic url="master/W4_000001_1200a.tif"/>
    </surface>
    <surface n="158r">
        <graphic url="master/W4_000001_1200a.tif"/>
    </surface>
    <surface n="158v">
        <graphic url="master/W4_000001_1200a.tif"/>
    </surface>
    <surface n="159r">
        <graphic url="master/W4_000001_1200a.tif"/>
    </surface>
    <surface n="159v">
        <graphic url="master/W4_000001_1200a.tif"/>
    </surface>
    <surface n="160r">
        <graphic url="master/W4_000001_1200a.tif"/>
    </surface>
    <surface n="160v">
        <graphic url="master/W4_000001_1200a.tif"/>
    </surface>
    <surface n="161r">
        <graphic url="master/W4_000001_1200a.tif"/>
    </surface>
    <surface n="161v">
        <graphic url="master/W4_000001_1200a.tif"/>
    </surface>
    <surface n="162r">
        <graphic url="master/W4_000001_1200a.tif"/>
    </surface>
    <surface n="162v">
        <graphic url="master/W4_000001_1200a.tif"/>
    </surface>
    <surface n="163r">
        <graphic url="master/W4_000001_1200a.tif"/>
    </surface>
    <surface n="163v">
        <graphic url="master/W4_000001_1200a.tif"/>
    </surface>
    <surface n="164r">
        <graphic url="master/W4_000001_1200a.tif"/>
    </surface>
    <surface n="164v">
        <graphic url="master/W4_000001_1200a.tif"/>
    </surface>
    <surface n="165r">
        <graphic url="master/W4_000001_1200a.tif"/>
    </surface>
    <surface n="165v">
        <graphic url="master/W4_000001_1200a.tif"/>
    </surface>
    <surface n="166r">
        <graphic url="master/W4_000001_1200a.tif"/>
    </surface>
    <surface n="166v">
        <graphic url="master/W4_000001_1200a.tif"/>
    </surface>
    <surface n="167(a) recto">
        <graphic url="master/W4_000001_1200a.tif"/>
    </surface>
    <surface n="167(a) verso">
        <graphic url="master/W4_000001_1200a.tif"/>
    </surface>
    <surface n="167(b) recto">
        <graphic url="master/W4_000001_1200a.tif"/>
    </surface>
    <surface n="167(b) verso">
        <graphic url="master/W4_000001_1200a.tif"/>
    </surface>
    <surface n="168r">
        <graphic url="master/W4_000001_1200a.tif"/>
    </surface>
    <surface n="168v">
        <graphic url="master/W4_000001_1200a.tif"/>
    </surface>
    <surface n="169r">
        <graphic url="master/W4_000001_1200a.tif"/>
    </surface>
    <surface n="169v">
        <graphic url="master/W4_000001_1200a.tif"/>
    </surface>
    <surface n="170a recto">
        <graphic url="master/W4_000001_1200a.tif"/>
    </surface>
    <surface n="170a verso">
        <graphic url="master/W4_000001_1200a.tif"/>
    </surface>
    <surface n="170b recto">
        <graphic url="master/W4_000001_1200a.tif"/>
    </surface>
    <surface n="170b verso">
        <graphic url="master/W4_000001_1200a.tif"/>
    </surface>
    <surface n="171r">
        <graphic url="master/W4_000001_1200a.tif"/>
    </surface>
    <surface n="171v">
        <graphic url="master/W4_000001_1200a.tif"/>
    </surface>
    <surface n="172r">
        <graphic url="master/W4_000001_1200a.tif"/>
    </surface>
    <surface n="172v">
        <graphic url="master/W4_000001_1200a.tif"/>
    </surface>
    <surface n="173r">
        <graphic url="master/W4_000001_1200a.tif"/>
    </surface>
    <surface n="173v">
        <graphic url="master/W4_000001_1200a.tif"/>
    </surface>
    <surface n="174r">
        <graphic url="master/W4_000001_1200a.tif"/>
    </surface>
    <surface n="174v">
        <graphic url="master/W4_000001_1200a.tif"/>
    </surface>
    <surface n="175r">
        <graphic url="master/W4_000001_1200a.tif"/>
    </surface>
    <surface n="175v">
        <graphic url="master/W4_000001_1200a.tif"/>
    </surface>
    <surface n="176r">
        <graphic url="master/W4_000001_1200a.tif"/>
    </surface>
    <surface n="176v">
        <graphic url="master/W4_000001_1200a.tif"/>
    </surface>
    <surface n="177r">
        <graphic url="master/W4_000001_1200a.tif"/>
    </surface>
    <surface n="177v">
        <graphic url="master/W4_000001_1200a.tif"/>
    </surface>
    <surface n="178r">
        <graphic url="master/W4_000001_1200a.tif"/>
    </surface>
    <surface n="178v">
        <graphic url="master/W4_000001_1200a.tif"/>
    </surface>
    <surface n="179r">
        <graphic url="master/W4_000001_1200a.tif"/>
    </surface>
    <surface n="179v">
        <graphic url="master/W4_000001_1200a.tif"/>
    </surface>
    <surface n="180r">
        <graphic url="master/W4_000001_1200a.tif"/>
    </surface>
    <surface n="180v">
        <graphic url="master/W4_000001_1200a.tif"/>
    </surface>
    <surface n="181r">
        <graphic url="master/W4_000001_1200a.tif"/>
    </surface>
    <surface n="181v">
        <graphic url="master/W4_000001_1200a.tif"/>
    </surface>
    <surface n="182r">
        <graphic url="master/W4_000001_1200a.tif"/>
    </surface>
    <surface n="182v">
        <graphic url="master/W4_000001_1200a.tif"/>
    </surface>
    <surface n="183r">
        <graphic url="master/W4_000001_1200a.tif"/>
    </surface>
    <surface n="183v">
        <graphic url="master/W4_000001_1200a.tif"/>
    </surface>
    <surface n="184r">
        <graphic url="master/W4_000001_1200a.tif"/>
    </surface>
    <surface n="184v">
        <graphic url="master/W4_000001_1200a.tif"/>
    </surface>
    <surface n="185r">
        <graphic url="master/W4_000001_1200a.tif"/>
    </surface>
    <surface n="185v">
        <graphic url="master/W4_000001_1200a.tif"/>
    </surface>
    <surface n="186r">
        <graphic url="master/W4_000001_1200a.tif"/>
    </surface>
    <surface n="186v">
        <graphic url="master/W4_000001_1200a.tif"/>
    </surface>
    <surface n="187r">
        <graphic url="master/W4_000001_1200a.tif"/>
    </surface>
    <surface n="187v">
        <graphic url="master/W4_000001_1200a.tif"/>
    </surface>
    <surface n="188r">
        <graphic url="master/W4_000001_1200a.tif"/>
    </surface>
    <surface n="188v">
        <graphic url="master/W4_000001_1200a.tif"/>
    </surface>
    <surface n="189r">
        <graphic url="master/W4_000001_1200a.tif"/>
    </surface>
    <surface n="189v">
        <graphic url="master/W4_000001_1200a.tif"/>
    </surface>
    <surface n="190r">
        <graphic url="master/W4_000001_1200a.tif"/>
    </surface>
    <surface n="190v">
        <graphic url="master/W4_000001_1200a.tif"/>
    </surface>
    <surface n="191r">
        <graphic url="master/W4_000001_1200a.tif"/>
    </surface>
    <surface n="191v">
        <graphic url="master/W4_000001_1200a.tif"/>
    </surface>
    <surface n="192r">
        <graphic url="master/W4_000001_1200a.tif"/>
    </surface>
    <surface n="192v">
        <graphic url="master/W4_000001_1200a.tif"/>
    </surface>
    <surface n="193r">
        <graphic url="master/W4_000001_1200a.tif"/>
    </surface>
    <surface n="193v">
        <graphic url="master/W4_000001_1200a.tif"/>
    </surface>
    <surface n="194r">
        <graphic url="master/W4_000001_1200a.tif"/>
    </surface>
    <surface n="194v">
        <graphic url="master/W4_000001_1200a.tif"/>
    </surface>
    <surface n="195r">
        <graphic url="master/W4_000001_1200a.tif"/>
    </surface>
    <surface n="195v">
        <graphic url="master/W4_000001_1200a.tif"/>
    </surface>
    <surface n="196r">
        <graphic url="master/W4_000001_1200a.tif"/>
    </surface>
    <surface n="196v">
        <graphic url="master/W4_000001_1200a.tif"/>
    </surface>
    <surface n="197r">
        <graphic url="master/W4_000001_1200a.tif"/>
    </surface>
    <surface n="197v">
        <graphic url="master/W4_000001_1200a.tif"/>
    </surface>
    <surface n="198r">
        <graphic url="master/W4_000001_1200a.tif"/>
    </surface>
    <surface n="198v">
        <graphic url="master/W4_000001_1200a.tif"/>
    </surface>
    <surface n="199r">
        <graphic url="master/W4_000001_1200a.tif"/>
    </surface>
    <surface n="199v">
        <graphic url="master/W4_000001_1200a.tif"/>
    </surface>
    <surface n="200r">
        <graphic url="master/W4_000001_1200a.tif"/>
    </surface>
    <surface n="200v">
        <graphic url="master/W4_000001_1200a.tif"/>
    </surface>
    <surface n="201r">
        <graphic url="master/W4_000001_1200a.tif"/>
    </surface>
    <surface n="201v">
        <graphic url="master/W4_000001_1200a.tif"/>
    </surface>
    <surface n="202r">
        <graphic url="master/W4_000001_1200a.tif"/>
    </surface>
    <surface n="202v">
        <graphic url="master/W4_000001_1200a.tif"/>
    </surface>
    <surface n="203r">
        <graphic url="master/W4_000001_1200a.tif"/>
    </surface>
    <surface n="203v">
        <graphic url="master/W4_000001_1200a.tif"/>
    </surface>
    <surface n="204r">
        <graphic url="master/W4_000001_1200a.tif"/>
    </surface>
    <surface n="204v">
        <graphic url="master/W4_000001_1200a.tif"/>
    </surface>
    <surface n="205r">
        <graphic url="master/W4_000001_1200a.tif"/>
    </surface>
    <surface n="205v">
        <graphic url="master/W4_000001_1200a.tif"/>
    </surface>
    <surface n="206r">
        <graphic url="master/W4_000001_1200a.tif"/>
    </surface>
    <surface n="206v">
        <graphic url="master/W4_000001_1200a.tif"/>
    </surface>
    <surface n="207r">
        <graphic url="master/W4_000001_1200a.tif"/>
    </surface>
    <surface n="207v">
        <graphic url="master/W4_000001_1200a.tif"/>
    </surface>
    <surface n="208r">
        <graphic url="master/W4_000001_1200a.tif"/>
    </surface>
    <surface n="208v">
        <graphic url="master/W4_000001_1200a.tif"/>
    </surface>
    <surface n="209r">
        <graphic url="master/W4_000001_1200a.tif"/>
    </surface>
    <surface n="209v">
        <graphic url="master/W4_000001_1200a.tif"/>
    </surface>
    <surface n="210r">
        <graphic url="master/W4_000001_1200a.tif"/>
    </surface>
    <surface n="210v">
        <graphic url="master/W4_000001_1200a.tif"/>
    </surface>
    <surface n="211r">
        <graphic url="master/W4_000001_1200a.tif"/>
    </surface>
    <surface n="211v">
        <graphic url="master/W4_000001_1200a.tif"/>
    </surface>
    <surface n="212r">
        <graphic url="master/W4_000001_1200a.tif"/>
    </surface>
    <surface n="212v">
        <graphic url="master/W4_000001_1200a.tif"/>
    </surface>
    <surface n="213r">
        <graphic url="master/W4_000001_1200a.tif"/>
    </surface>
    <surface n="213v">
        <graphic url="master/W4_000001_1200a.tif"/>
    </surface>
    <surface n="214r">
        <graphic url="master/W4_000001_1200a.tif"/>
    </surface>
    <surface n="214v">
        <graphic url="master/W4_000001_1200a.tif"/>
    </surface>
    <surface n="215r">
        <graphic url="master/W4_000001_1200a.tif"/>
    </surface>
    <surface n="215v">
        <graphic url="master/W4_000001_1200a.tif"/>
    </surface>
    <surface n="216r">
        <graphic url="master/W4_000001_1200a.tif"/>
    </surface>
    <surface n="216v">
        <graphic url="master/W4_000001_1200a.tif"/>
    </surface>
    <surface n="217r">
        <graphic url="master/W4_000001_1200a.tif"/>
    </surface>
    <surface n="217v">
        <graphic url="master/W4_000001_1200a.tif"/>
    </surface>
    <surface n="218r">
        <graphic url="master/W4_000001_1200a.tif"/>
    </surface>
    <surface n="218v">
        <graphic url="master/W4_000001_1200a.tif"/>
    </surface>
    <surface n="219r">
        <graphic url="master/W4_000001_1200a.tif"/>
    </surface>
    <surface n="219v">
        <graphic url="master/W4_000001_1200a.tif"/>
    </surface>
    <surface n="220r">
        <graphic url="master/W4_000001_1200a.tif"/>
    </surface>
    <surface n="220v">
        <graphic url="master/W4_000001_1200a.tif"/>
    </surface>
    <surface n="221r">
        <graphic url="master/W4_000001_1200a.tif"/>
    </surface>
    <surface n="221v">
        <graphic url="master/W4_000001_1200a.tif"/>
    </surface>
    <surface n="222r">
        <graphic url="master/W4_000001_1200a.tif"/>
    </surface>
    <surface n="223r">
        <graphic url="master/W4_000001_1200a.tif"/>
    </surface>
    <surface n="223v">
        <graphic url="master/W4_000001_1200a.tif"/>
    </surface>
    <surface n="224r">
        <graphic url="master/W4_000001_1200a.tif"/>
    </surface>
    <surface n="224v">
        <graphic url="master/W4_000001_1200a.tif"/>
    </surface>
    <surface n="225r">
        <graphic url="master/W4_000001_1200a.tif"/>
    </surface>
    <surface n="225v">
        <graphic url="master/W4_000001_1200a.tif"/>
    </surface>
    <surface n="226r">
        <graphic url="master/W4_000001_1200a.tif"/>
    </surface>
    <surface n="226r">
        <graphic url="master/W4_000001_1200a.tif"/>
    </surface>
    <surface n="226v">
        <graphic url="master/W4_000001_1200a.tif"/>
    </surface>
    <surface n="227r">
        <graphic url="master/W4_000001_1200a.tif"/>
    </surface>
    <surface n="227v">
        <graphic url="master/W4_000001_1200a.tif"/>
    </surface>
    <surface n="228r">
        <graphic url="master/W4_000001_1200a.tif"/>
    </surface>
    <surface n="228v">
        <graphic url="master/W4_000001_1200a.tif"/>
    </surface>
    <surface n="229r">
        <graphic url="master/W4_000001_1200a.tif"/>
    </surface>
    <surface n="229v">
        <graphic url="master/W4_000001_1200a.tif"/>
    </surface>
    <surface n="230r">
        <graphic url="master/W4_000001_1200a.tif"/>
    </surface>
    <surface n="230v">
        <graphic url="master/W4_000001_1200a.tif"/>
    </surface>
    <surface n="231r">
        <graphic url="master/W4_000001_1200a.tif"/>
    </surface>
    <surface n="231v">
        <graphic url="master/W4_000001_1200a.tif"/>
    </surface>
    <surface n="232r">
        <graphic url="master/W4_000001_1200a.tif"/>
    </surface>
    <surface n="232v">
        <graphic url="master/W4_000001_1200a.tif"/>
    </surface>
    <surface n="233r">
        <graphic url="master/W4_000001_1200a.tif"/>
    </surface>
    <surface n="233v">
        <graphic url="master/W4_000001_1200a.tif"/>
    </surface>
    <surface n="234r">
        <graphic url="master/W4_000001_1200a.tif"/>
    </surface>
    <surface n="234v">
        <graphic url="master/W4_000001_1200a.tif"/>
    </surface>
    <surface n="235r">
        <graphic url="master/W4_000001_1200a.tif"/>
    </surface>
    <surface n="235v">
        <graphic url="master/W4_000001_1200a.tif"/>
    </surface>
    <surface n="236r">
        <graphic url="master/W4_000001_1200a.tif"/>
    </surface>
    <surface n="236v">
        <graphic url="master/W4_000001_1200a.tif"/>
    </surface>
    <surface n="237r">
        <graphic url="master/W4_000001_1200a.tif"/>
    </surface>
    <surface n="237v">
        <graphic url="master/W4_000001_1200a.tif"/>
    </surface>
    <surface n="238r">
        <graphic url="master/W4_000001_1200a.tif"/>
    </surface>
    <surface n="238v">
        <graphic url="master/W4_000001_1200a.tif"/>
    </surface>
    <!-- -->
    <!-- This entire <facsimile> section is a placeholder. All coordinates are fake. -->
    <!--
	<surface ulx="0" uly="0" lrx="200" lry="300">
            <zone xml:id="sf1ar" ulx="0" uly="0" lrx="200" lry="300">
                <graphic url="bau0009.tif"/>
            </zone>
            <zone xml:id="smtf1ar" ulx="25" uly="25" lrx="180" lry="60"/>
            <zone xml:id="sfwf1ar" ulx="25" uly="25" lrx="180" lry="60"/>
            <zone xml:id="sff1ar" ulx="28" uly="75" lrx="175" lry="178"/>
            <line>Liber Guilielmi Laud Archie~pi Cantuar</line>
            <line>et Cancellaris Vniuersitatis Oxon.</line>
            <line><hi rend="underlined">1633</hi></line>
            <zone xml:id="srmf1ar" ulx="28" uly="75" lrx="175" lry="178"/>
            <line>BIBLIOTHECA BODLEIANA</line>
            <note type="cod">This is a library stamp with the text wrapped around the Oxford
                University coat-of-arms.</note>
            <zone xml:id="sx1f1ar" ulx="28" uly="75" lrx="175" lry="178"/>
            <note type="cod">Triangular rip in parchment just inside the pricking. No text
                lost.</note>
        </surface>
-->
</facsimile>
