<teiHeader>
    <fileDesc>
        <titleStmt>
            <title type="codexfull">Oxford, Bodleian Library, Laud Misc. MS 108</title>
            <respStmt>
                <resp>Transcribed from the digital images and encoded by</resp>
                <name type="person" ref="#bioGO001">Sharon K. Goetz</name>
                <name type="person" ref="#bioHA001">Nick Hamilton</name>
                <name type="person" ref="#bioKL001">Scott Kleinman</name>
                <name type="person" ref="#bioLA001">Andrea Lankin</name>
                <name type="person" ref="#bioLI001">Marisa Libbon</name>
                <!-- Other names will be added as transcriptions are compiled. -->
            </respStmt>
        </titleStmt>
        <publicationStmt>
            <publisher>Archive of Early Middle English</publisher>
            <!-- Presumably this is a final publication date, so it will be incorrect until then. -->
            <date when="2015-10-31">2015</date>
        </publicationStmt>
        <sourceDesc>
            <msDesc>
                <msIdentifier>
                    <settlement>Oxford</settlement>
                    <repository>Bodleian Library</repository>
                    <collection>Laud Misc.</collection>
                    <idno>108</idno>
                </msIdentifier>
                <msContents>
                    <summary>The manuscript contents are catalogued in DIMEV entry <ref
                            target="http://www.dimev.net/Records.php?MSS=BodLauMis108" type="DIMEV"
                            >http://www.dimev.net/Records.php?MSS=BodLauMis108</ref>. All items
                        belong to the <ref type="LAEME">LAEME</ref>
                        <term>literary</term> category. A full description can be found in the 
                        Manuscripts of the West Midlands at 
                        <ref target="http://www.hrionline.ac.uk/mwm/browse?type=ms&amp;id=118" type="MWM">
                            http://www.hrionline.ac.uk/mwm/browse?type=ms&amp;id=118</ref>.
                    </summary>
                    <!-- Folio numbers given <locus> are taken DIMEV and Edwards' table of contents. 
						They may need to be corrected. -->
                    <!-- Saints' names in <title> are given according to the form in David Hugh Farmer, 
						The Oxford Dictionary of Saints, 5th ed. (Oxford: Oxford University Press, 2003), 
						but this should really be a form associated with Becket's person @xml:id. -->
                    <msItem n="1" xml:id="mc00001" class="#literary #hagiography">
                        <locus>ff. 10v</locus>
                        <title>The Life of Christ</title>
                        <note type="src" resp="#bioKL0001">No IMEV url identified.</note>
                        <listBibl>
                            <bibl xml:id="Horstmann1873">Horstmann, Carl. <title>Leben Jesu: ein
                                    Fragment, und Kindheit Jesu, &amp;c.</title>.
                                M&#x00FC;&#x00FC;nster: Regensberg, 1873.</bibl>
                        </listBibl>
                    </msItem>
                    <msItem n="2" xml:id="mc00002" class="#literary #hagiography">
                        <locus>ff. 11r-22r</locus>
                        <title>The Infancy of Christ</title>
                        <listBibl>
                            <bibl xml:id="Horstmann1875">Horstmann, Carl. <title>Kindheit Jesu. In
                                    Altenglische Legenden: Kindheit Jesu; Geburt Jesu; Barlaam und
                                    Josophat; St. Patrick's Fegefeuer</title>. Paderborn: F.
                                Sch&#x00F6;ningh, 1875.</bibl>
                            <bibl>
                                <ref type="DIMEV"
                                    >http://www.dimev.net/record.php?recID=2605#wit-2605-1</ref>
                            </bibl>
                            <bibl>
                                <ref type="DIMEV"
                                    >http://www.dimev.net/record.php?recID=2605#wit-2605-1</ref>
                            </bibl>
                        </listBibl>
                    </msItem>
                    <msItem n="3" xml:id="mc00003">
                        <locus>ff. 22r-198r</locus>
                        <title>The South English Legendary</title>
                        <listBibl>
                            <bibl>
                                <ref type="DIMEV">http://www.dimev.net/record.php?recID=4567</ref>
                            </bibl>
                        </listBibl>
                        <msItem n="3a" xml:id="mc00004">
                            <locus>ff. 23r-29v</locus>
                            <title>The Holy Cross</title>
                            <listBibl>
                                <bibl>
                                    <ref type="DIMEV"
                                        >http://www.dimev.net/record.php?recID=5337#wit-5337-1</ref>
                                </bibl>
                            </listBibl>
                        </msItem>
                        <msItem n="3b" xml:id="mc00005">
                            <locus>ff. 23v-30v</locus>
                            <title>St. Dunstan</title>
                            <listBibl>
                                <bibl>
                                    <ref type="DIMEV"
                                        >hhttp://www.dimev.net/record.php?recID=4584#wit-4584-5</ref>
                                </bibl>
                                <bibl>
                                    <ref type="DIMEV"
                                        >http://www.dimev.net/record.php?recID=4584#wit-4584-7</ref>
                                </bibl>
                            </listBibl>
                        </msItem>
                        <msItem n="3c" xml:id="mc00006">
                            <locus>ff. 31r-31v</locus>
                            <title>St. Augustine</title>
                            <listBibl>
                                <bibl>
                                    <ref type="DIMEV"
                                        >http://www.dimev.net/record.php?recID=4543#wit-4543-5</ref>
                                </bibl>
                            </listBibl>
                        </msItem>
                        <msItem n="3d" xml:id="mc00007">
                            <locus>ff. 31v-32v</locus>
                            <title>St. Barnabus</title>
                            <listBibl>
                                <bibl>
                                    <ref type="DIMEV"
                                        >http://www.dimev.net/record.php?recID=4545#wit-4545-4</ref>
                                </bibl>
                            </listBibl>
                        </msItem>
                        <msItem n="3e" xml:id="mc00008">
                            <locus>ff. 32v-34r</locus>
                            <title>St. John the Baptist</title>
                            <listBibl>
                                <bibl>
                                    <ref type="DIMEV"
                                        >http://www.dimev.net/record.php?recID=4647#wit-4647-4</ref>
                                </bibl>
                            </listBibl>
                        </msItem>
                        <msItem n="3f" xml:id="mc00009">
                            <locus>ff. 34r-38v</locus>
                            <title>St. James the Great</title>
                            <listBibl>
                                <bibl>
                                    <ref type="DIMEV"
                                        >http://www.dimev.net/record.php?recID=4620#wit-4620-4</ref>
                                </bibl>
                            </listBibl>
                        </msItem>
                        <msItem n="3g" xml:id="mc00010">
                            <locus>ff. 38v</locus>
                            <title>St. Oswald</title>
                            <listBibl>
                                <bibl>
                                    <ref type="DIMEV"
                                        >http://www.dimev.net/record.php?recID=4741#wit-4741-4</ref>
                                </bibl>
                            </listBibl>
                        </msItem>
                        <msItem n="3h" xml:id="mc00011">
                            <locus>ff. 39r-41v</locus>
                            <title>St. Edward the Elder</title>
                            <listBibl>
                                <bibl>
                                    <ref type="DIMEV"
                                        >http://www.dimev.net/record.php?recID=4590#wit-4590-1</ref>
                                </bibl>
                            </listBibl>
                        </msItem>
                        <msItem n="3i" xml:id="mc00012">
                            <locus>ff. 41v-46v</locus>
                            <title>St. Francis of Assisi</title>
                            <listBibl>
                                <bibl>
                                    <ref type="DIMEV"
                                        >http://www.dimev.net/record.php?recID=4597#wit-4597-3</ref>
                                </bibl>
                            </listBibl>
                            <note type="text" resp="#bioKL0001">According to Horstmann, this vita is based on 
                                the Vita sanctus Franciscus by Saint Bonaventure in Act. SS. Boll. Oct. 4 p. 742 ff.</note>
                        </msItem>
                        <msItem n="3j" xml:id="mc00013">
                            <locus>ff. 46v–47v</locus>
                            <title>St. Alban</title>
                            <listBibl>
                                <bibl>
                                    <ref type="DIMEV"
                                        >http://www.dimev.net/record.php?recID=4534#wit-4534-4</ref>
                                </bibl>
                            </listBibl>
                        </msItem>
                        <msItem n="3k" xml:id="mc00014">
                            <locus>ff. 48r–50v</locus>
                            <title>St. Wulfstan</title>
                            <listBibl>
                                <bibl>
                                    <ref type="DIMEV"
                                        >http://www.dimev.net/record.php?recID=4773#wit-4773-5</ref>
                                </bibl>
                            </listBibl>
                        </msItem>
                        <msItem n="3l" xml:id="mc00015">
                            <locus>ff. 50v–52r</locus>
                            <title>St. Matthew</title>
                            <listBibl>
                                <bibl>
                                    <ref type="DIMEV"
                                        >http://www.dimev.net/record.php?recID=4719#wit-4719-3</ref>
                                </bibl>
                            </listBibl>
                        </msItem>
                        <msItem n="3m" xml:id="mc00016">
                            <locus>ff. 52r–52v</locus>
                            <title>St. Leger</title>
                            <listBibl>
                                <bibl>
                                    <ref type="DIMEV"
                                        >http://www.dimev.net/record.php?recID=4660#wit-4660-4</ref>
                                </bibl>
                            </listBibl>
                        </msItem>
                        <msItem n="3n" xml:id="mc00017">
                            <locus>ff. 52v–54r</locus>
                            <title>St. Faith</title>
                            <listBibl>
                                <bibl>
                                    <ref type="DIMEV"
                                        >http://www.dimev.net/record.php?recID=4595#wit-4595-2</ref>
                                </bibl>
                            </listBibl>
                        </msItem>
                        <msItem n="3o" xml:id="mc00018">
                            <locus>ff. 54r–55v</locus>
                            <title>St. Ursula and the Eleven Thousand Virgins</title>
                            <listBibl>
                                <bibl>
                                    <ref type="DIMEV"
                                        >http://www.dimev.net/record.php?recID=1184#wit-1184-3</ref>
                                </bibl>
                            </listBibl>
                        </msItem>
                        <msItem n="3p" xml:id="mc00019">
                            <locus>ff. 56r–59r</locus>
                            <title>St. Katherine of Alexandria</title>
                            <listBibl>
                                <bibl>
                                    <ref type="DIMEV"
                                        >http://www.dimev.net/record.php?recID=4656#wit-4656-4</ref>
                                </bibl>
                            </listBibl>
                        </msItem>
                        <msItem n="3q" xml:id="mc00020">
                            <locus>ff. 59r–60v</locus>
                            <title>St. Lucy</title>
                            <listBibl>
                                <bibl>
                                    <ref type="DIMEV"
                                        >http://www.dimev.net/record.php?recID=4663#wit-4663-4</ref>
                                </bibl>
                            </listBibl>
                        </msItem>
                        <msItem n="3r" xml:id="mc00021">
                            <locus>ff. 61r-88r</locus>
                            <title>St. Thomas of Canterbury (Thomas Becket)</title>
                            <listBibl>
                                <bibl>
                                    <ref type="DIMEV"
                                        >http://www.dimev.net/record.php?recID=6687#wit-6687-2</ref>
                                </bibl>
                                <bibl>
                                    <ref type="DIMEV"
                                        >http://www.dimev.net/record.php?recID=4768#wit-4768-2</ref>
                                </bibl>
                            </listBibl>
                        </msItem>
                        <msItem n="3s" xml:id="mc00022">
                            <locus>ff. 88v–89v</locus>
                            <title>Saints Fabian and Sebastian</title>
                            <listBibl>
                                <bibl>
                                    <ref type="DIMEV"
                                        >http://www.dimev.net/record.php?recID=4594#wit-4594-2</ref>
                                </bibl>
                            </listBibl>
                        </msItem>
                        <msItem n="3t" xml:id="mc00023">
                            <locus>ff. 89v–91r</locus>
                            <title>St. Agnes</title>
                            <listBibl>
                                <bibl>
                                    <ref type="DIMEV"
                                        >http://www.dimev.net/record.php?recID=4532#wit-4532-5</ref>
                                </bibl>
                            </listBibl>
                        </msItem>
                        <msItem n="3u" xml:id="mc00024">
                            <locus>ff. 91r–93r</locus>
                            <title>St. Vincent</title>
                            <listBibl>
                                <bibl>
                                    <ref type="DIMEV"
                                        >http://www.dimev.net/record.php?recID=4772#wit-4772-5</ref>
                                </bibl>
                            </listBibl>
                        </msItem>
                        <msItem n="3v" xml:id="mc00025">
                            <locus>ff. 93r–93v</locus>
                            <title>St. Paul</title>
                            <listBibl>
                                <bibl>
                                    <ref type="DIMEV"
                                        >http://www.dimev.net/record.php?recID=4745#wit-4745-4</ref>
                                </bibl>
                            </listBibl>
                        </msItem>
                        <msItem n="3w" xml:id="mc00026">
                            <locus>ff. 93v–94v</locus>
                            <title>St. Brigid of Ireland</title>
                            <listBibl>
                                <bibl>
                                    <ref type="DIMEV"
                                        >http://www.dimev.net/record.php?recID=4570#wit-4570-1</ref>
                                </bibl>
                            </listBibl>
                        </msItem>
                        <msItem n="3x" xml:id="mc00027">
                            <locus>ff. 94v–96r</locus>
                            <title>St. Agatha</title>
                            <listBibl>
                                <bibl>
                                    <ref type="DIMEV"
                                        >http://www.dimev.net/record.php?recID=4530#wit-4530-4</ref>
                                </bibl>
                            </listBibl>
                        </msItem>
                        <msItem n="3y" xml:id="mc00028">
                            <locus>ff. 96r–96v</locus>
                            <title>St. Scholastica</title>
                            <listBibl>
                                <bibl>
                                    <ref type="DIMEV"
                                        >http://www.dimev.net/record.php?recID=4756#wit-4756-3</ref>
                                </bibl>
                            </listBibl>
                        </msItem>
                        <msItem n="3z" xml:id="mc00029">
                            <locus>ff. 96v–104r</locus>
                            <title>Saint Patrick's Purgatory</title>
                            <listBibl>
                                <bibl>
                                    <ref type="DIMEV"
                                        >http://www.dimev.net/record.php?recID=4742#wit-4742-5</ref>
                                </bibl>
                            </listBibl>
                        </msItem>
                        <msItem n="3aa" xml:id="mc00030">
                            <locus>ff. 104r–110r</locus>
                            <title>St. Brendan</title>
                            <listBibl>
                                <bibl>
                                    <ref type="DIMEV"
                                        >http://www.dimev.net/record.php?recID=4567#wit-4567-4</ref>
                                </bibl>
                            </listBibl>
                        </msItem>
                        <msItem n="3ab" xml:id="mc00031">
                            <locus>ff. 111r–115v</locus>
                            <title>St. Nicholas</title>
                            <listBibl>
                                <bibl>
                                    <ref type="DIMEV"
                                        >http://www.dimev.net/record.php?recID=4737#wit-4737-4</ref>
                                </bibl>
                            </listBibl>
                        </msItem>
                        <msItem n="3ac" xml:id="mc00032">
                            <locus>ff. 116r–117v</locus>
                            <title>St. Julian the Hospitaller</title>
                            <listBibl>
                                <bibl>
                                    <ref type="DIMEV"
                                        >http://www.dimev.net/record.php?recID=4651#wit-4651-5</ref>
                                </bibl>
                                <bibl>
                                    <ref type="DIMEV"
                                        >http://www.dimev.net/record.php?recID=4652#wit-4652-5</ref>
                                </bibl>
                            </listBibl>
                        </msItem>
                        <msItem n="3ad" xml:id="mc00033">
                            <locus>ff. 117v–121r</locus>
                            <title>St. Mary of Egypt</title>
                            <listBibl>
                                <bibl>
                                    <ref type="DIMEV"
                                        >http://www.dimev.net/record.php?recID=4702#wit-4702-6</ref>
                                </bibl>
                            </listBibl>
                        </msItem>
                        <msItem n="3ae" xml:id="mc00034">
                            <locus>ff. 121v–123v</locus>
                            <title>St. Christopher</title>
                            <listBibl>
                                <bibl>
                                    <ref type="DIMEV"
                                        >http://www.dimev.net/record.php?recID=4576#wit-4576-4</ref>
                                </bibl>
                            </listBibl>
                        </msItem>
                        <msItem n="3af" xml:id="mc00035">
                            <locus>ff. 124r–127v</locus>
                            <title>St. Dominic</title>
                            <listBibl>
                                <bibl>
                                    <ref type="DIMEV"
                                        >http://www.dimev.net/record.php?recID=4583#wit-4583-3</ref>
                                </bibl>
                            </listBibl>
                        </msItem>
                        <msItem n="3ag" xml:id="mc00036">
                            <locus>ff. 127v–130r</locus>
                            <title>St. Theophilus</title>
                            <listBibl>
                                <bibl>
                                    <ref type="DIMEV"
                                        >http://www.dimev.net/record.php?recID=5554#wit-5554-1</ref>
                                </bibl>
                            </listBibl>
                        </msItem>
                        <msItem n="3ah" xml:id="mc00037">
                            <locus>ff. 130r–131r</locus>
                            <title>St. George</title>
                            <listBibl>
                                <bibl>
                                    <ref type="DIMEV"
                                        >http://www.dimev.net/record.php?recID=4603#wit-4603-5</ref>
                                </bibl>
                            </listBibl>
                        </msItem>
                        <msItem n="3ai" xml:id="mc00038">
                            <locus>ff. 131r–132r</locus>
                            <title>St. Edmund</title>
                            <listBibl>
                                <bibl>
                                    <ref type="DIMEV"
                                        >http://www.dimev.net/record.php?recID=4588#wit-4588-3</ref>
                                </bibl>
                            </listBibl>
                        </msItem>
                        <msItem n="3aj" xml:id="mc00039">
                            <locus>ff. 132r–141r</locus>
                            <title>St. Michael</title>
                            <listBibl>
                                <bibl>
                                    <ref type="DIMEV"
                                        >http://www.dimev.net/record.php?recID=4732#wit-4732-5</ref>
                                </bibl>
                                <bibl>
                                    <ref type="DIMEV"
                                        >http://www.dimev.net/record.php?recID=4731#wit-4731-4</ref>
                                </bibl>
                                <bibl>
                                    <ref type="DIMEV"
                                        >http://www.dimev.net/record.php?recID=5451#wit-5451-3</ref>
                                </bibl>
                            </listBibl>
                        </msItem>
                        <msItem n="3ak" xml:id="mc00040">
                            <locus>ff. 141r–147r</locus>
                            <title>St. Clement</title>
                            <listBibl>
                                <bibl>
                                    <ref type="DIMEV"
                                        >http://www.dimev.net/record.php?recID=4577#wit-4577-4</ref>
                                </bibl>
                            </listBibl>
                        </msItem>
                        <msItem n="3al" xml:id="mc00041">
                            <locus>ff. 147r–149r</locus>
                            <title>St. Laurence</title>
                            <listBibl>
                                <bibl>
                                    <ref type="DIMEV"
                                        >http://www.dimev.net/record.php?recID=4659#wit-4659-5</ref>
                                </bibl>
                            </listBibl>
                        </msItem>
                        <msItem n="3am" xml:id="mc00042">
                            <locus>ff. 149r–153r</locus>
                            <title>St. Kenelm</title>
                            <listBibl>
                                <bibl>
                                    <ref type="DIMEV"
                                        >http://www.dimev.net/record.php?recID=4658#wit-4658-3</ref>
                                </bibl>
                            </listBibl>
                        </msItem>
                        <msItem n="3an" xml:id="mc00043">
                            <locus>ff. 153r–154v</locus>
                            <title>St. Gregory</title>
                            <listBibl>
                                <bibl>
                                    <ref type="DIMEV"
                                        >http://www.dimev.net/record.php?recID=4609#wit-4609-5</ref>
                                </bibl>
                            </listBibl>
                        </msItem>
                        <msItem n="3ao" xml:id="mc00044">
                            <locus>ff. 154v–155v</locus>
                            <title>St. Cuthbert</title>
                            <listBibl>
                                <bibl>
                                    <ref type="DIMEV"
                                        >http://www.dimev.net/record.php?recID=4579#wit-4579-5</ref>
                                </bibl>
                            </listBibl>
                        </msItem>
                        <msItem n="3ap" xml:id="mc00045">
                            <locus>ff. 155v–156r</locus>
                            <title>St. Mark</title>
                            <listBibl>
                                <bibl>
                                    <ref type="DIMEV"
                                        >http://www.dimev.net/record.php?recID=4697#wit-4697-5</ref>
                                </bibl>
                            </listBibl>
                        </msItem>
                        <msItem n="3aq" xml:id="mc00046">
                            <locus>ff. 156r–157r</locus>
                            <title>St. Philip</title>
                            <listBibl>
                                <bibl>
                                    <ref type="DIMEV"
                                        >http://www.dimev.net/record.php?recID=4752#wit-4752-5</ref>
                                </bibl>
                            </listBibl>
                        </msItem>
                        <msItem n="3ar" xml:id="mc00047">
                            <locus>ff. 156r–157r</locus>
                            <title>St. James the Less</title>
                            <listBibl>
                                <bibl>
                                    <ref type="DIMEV">http://www.dimev.net/record.php?recID=</ref>
                                </bibl>
                            </listBibl>
                        </msItem>
                        <msItem n="3as" xml:id="mc00049">
                            <locus>ff. 157v–161r</locus>
                            <title>St. Bartholomew</title>
                            <listBibl>
                                <bibl>
                                    <ref type="DIMEV"
                                        >http://www.dimev.net/record.php?recID=4547#wit-4547-4</ref>
                                </bibl>
                            </listBibl>
                        </msItem>
                        <msItem n="3at" xml:id="mc00050">
                            <locus>ff. 161r–165v</locus>
                            <title>St. Thomas</title>
                            <listBibl>
                                <bibl>
                                    <ref type="DIMEV"
                                        >http://www.dimev.net/record.php?recID=4767#wit-4767-4</ref>
                                </bibl>
                            </listBibl>
                        </msItem>
                        <msItem n="3au" xml:id="mc00051">
                            <locus>ff. 165v–166r</locus>
                            <title>St. Matthew</title>
                            <listBibl>
                                <bibl>
                                    <ref type="DIMEV"
                                        >http://www.dimev.net/record.php?recID=4728#wit-4728-6</ref>
                                </bibl>
                            </listBibl>
                        </msItem>
                        <msItem n="3av" xml:id="mc00052">
                            <locus>ff. 166r–167r</locus>
                            <title>St. Sylvester</title>
                            <listBibl>
                                <bibl>
                                    <ref type="DIMEV"
                                        >http://www.dimev.net/record.php?recID=4764#wit-4764-1</ref>
                                </bibl>
                            </listBibl>
                        </msItem>
                        <msItem n="3aw" xml:id="mc00053">
                            <locus>ff. 167r–169v</locus>
                            <title>St. Eustace</title>
                            <listBibl>
                                <bibl>
                                    <ref type="DIMEV"
                                        >http://www.dimev.net/record.php?recID=4592#wit-4592-3</ref>
                                </bibl>
                            </listBibl>
                        </msItem>
                        <msItem n="3ax" xml:id="mc00054">
                            <locus>ff. 169v–174r</locus>
                            <title>St. John the Evangelist</title>
                            <listBibl>
                                <bibl>
                                    <ref type="DIMEV"
                                        >http://www.dimev.net/record.php?recID=4634#wit-4634-7</ref>
                                </bibl>
                            </listBibl>
                        </msItem>
                        <msItem n="3ay" xml:id="mc00055">
                            <locus>ff. 174r–174v</locus>
                            <title>All Hallows' Day</title>
                            <!-- Should this be All Saints' Day? -->
                            <listBibl>
                                <bibl>
                                    <ref type="DIMEV"
                                        >http://www.dimev.net/record.php?recID=333#wit-333-3</ref>
                                </bibl>
                            </listBibl>
                        </msItem>
                        <msItem n="3az" xml:id="mc00056">
                            <locus>ff. 175r–179v</locus>
                            <title>All Souls' Day</title>
                            <listBibl>
                                <bibl>
                                    <ref type="DIMEV"
                                        >http://www.dimev.net/record.php?recID=362#wit-362-3</ref>
                                </bibl>
                            </listBibl>
                        </msItem>
                        <msItem n="3ba" xml:id="mc00057">
                            <locus>ff. 179v–185r</locus>
                            <title>St. Edmund of Abingdon (Edme of Abingdon)</title>
                            <listBibl>
                                <bibl>
                                    <ref type="DIMEV"
                                        >http://www.dimev.net/record.php?recID=4587#wit-4587-3</ref>
                                </bibl>
                            </listBibl>
                        </msItem>
                        <msItem n="3bb" xml:id="mc00058">
                            <locus>ff. 185r–188r</locus>
                            <title>St. Martin</title>
                            <listBibl>
                                <bibl>
                                    <ref type="DIMEV"
                                        >http://www.dimev.net/record.php?recID=4699#wit-4699-3</ref>
                                </bibl>
                            </listBibl>
                        </msItem>
                        <msItem n="3bc" xml:id="mc00059">
                            <locus>ff. 188r–190r</locus>
                            <title>St. Leonard</title>
                            <listBibl>
                                <bibl>
                                    <ref type="DIMEV"
                                        >http://www.dimev.net/record.php?recID=4661#wit-4661-3</ref>
                                </bibl>
                            </listBibl>
                        </msItem>
                        <msItem n="3bd" xml:id="mc00060">
                            <locus>ff. 190r–197r</locus>
                            <title>St. Mary Magdalene</title>
                            <listBibl>
                                <bibl>
                                    <ref type="DIMEV"
                                        >http://www.dimev.net/record.php?recID=4928#wit-4928-1</ref>
                                </bibl>
                            </listBibl>
                        </msItem>
                        <msItem n="3be" xml:id="mc00061">
                            <locus>ff. 197r–198r</locus>
                            <title>St. Hippolytus</title>
                            <listBibl>
                                <bibl>
                                    <ref type="DIMEV"
                                        >http://www.dimev.net/record.php?recID=4615#wit-4615-5</ref>
                                </bibl>
                            </listBibl>
                        </msItem>
                    </msItem>
                    <msItem n="4" xml:id="mc00062">
                        <locus>ff. 198r-198v</locus>
                        <title>The Sayings of Saint Bernard</title>
                        <listBibl>
                            <bibl>
                                <ref type="DIMEV"
                                    >http://www.dimev.net/record.php?recID=5215#wit-5215-3</ref>
                            </bibl>
                        </listBibl>
                    </msItem>
                    <msItem n="5" xml:id="mc00063">
                        <locus>ff. 199r-200r</locus>
                        <title>The Vision of Saint Paul</title>
                        <listBibl>
                            <bibl>
                                <ref type="DIMEV"
                                    >http://www.dimev.net/record.php?recID=4814#wit-4814-1</ref>
                            </bibl>
                        </listBibl>
                    </msItem>
                    <msItem n="6" xml:id="mc00064">
                        <locus>ff. 200v-204r</locus>
                        <title>The Debate between the Body and the Soul</title>
                        <listBibl>
                            <bibl>
                                <ref type="DIMEV"
                                    >http://www.dimev.net/record.php?recID=605#wit-605-3</ref>
                            </bibl>
                        </listBibl>
                    </msItem>
                    <msItem n="7" xml:id="mc00065">
                        <locus>ff. 204r-219v</locus>
                        <title>Havelok the Dane</title>
                        <listBibl>
                            <bibl><title>Havelok the Dane</title> In Herzman, Ronald B., Graham
                                Drake, and Eve Salisbury. <title>Four Romances of England: King
                                    Horn, Havelok the Dane, Bevis of Hampton, Athelston</title>.
                                Kalamazoo, Mich: Western Michigan Univ Medieval, 1999. </bibl>
                            <bibl>
                                <ref type="DIMEV"
                                    >http://www.dimev.net/record.php?recID=1795#wit-1795-1</ref>
                            </bibl>
                        </listBibl>
                    </msItem>
                    <msItem n="8" xml:id="mc00066">
                        <locus>ff. 219v-228r</locus>
                        <title>King Horn</title>
                        <listBibl>
                            <bibl><title>King Horn</title> In Herzman, Ronald B., Graham Drake, and
                                Eve Salisbury. <title>Four Romances of England: King Horn, Havelok
                                    the Dane, Bevis of Hampton, Athelston</title>. Kalamazoo, Mich:
                                Western Michigan Univ Medieval, 1999. </bibl>
                            <bibl><title>King Horn</title>. Ed. Joseph Hall. Oxford: Oxford
                                University Press, 1901.</bibl>
                            <bibl>
                                <ref type="DIMEV"
                                    >http://www.dimev.net/record.php?recID=312#wit-312-1</ref>
                            </bibl>
                        </listBibl>
                    </msItem>
                    <msItem n="9" xml:id="mc00067">
                        <locus>ff. 228v-230v</locus>
                        <title>The Life and Passion of St. Blaise</title>
                        <listBibl>
                            <bibl>
                                <ref type="DIMEV"
                                    >http://www.dimev.net/record.php?recID=4565#wit-4565-5</ref>
                            </bibl>
                        </listBibl>
                    </msItem>
                    <msItem n="10" xml:id="mc00068">
                        <locus>ff. 230v-233v</locus>
                        <title>The Life and Passion of St. Cecilia</title>
                        <listBibl>
                            <bibl>
                                <ref type="DIMEV"
                                    >http://www.dimev.net/record.php?recID=4572#wit-4572-3</ref>
                            </bibl>
                        </listBibl>
                    </msItem>
                    <msItem n="11" xml:id="mc00069">
                        <locus>ff. 233v-237r</locus>
                        <title>The Life of St. Alexius</title>
                        <listBibl>
                            <bibl>
                                <ref type="DIMEV"
                                    >http://www.dimev.net/record.php?recID=4923#wit-4923-2</ref>
                            </bibl>
                        </listBibl>
                    </msItem>
                    <msItem n="12" xml:id="mc00070">
                        <locus>ff. 237r-237v</locus>
                        <title>Somer Soneday</title>
                        <listBibl>
                            <bibl>
                                <ref type="DIMEV"
                                    >http://www.dimev.net/record.php?recID=6125#wit-6125-1</ref>
                            </bibl>
                        </listBibl>
                    </msItem>
                    <msItem n="13" xml:id="mc00071">
                        <locus>f. 238 (top)</locus>
                        <title>Four lines of Middle English Verse</title>
                        <listBibl>
                            <bibl>Robbins, Rossell Hope, ed. <title>Secular Lyrics of the XIV and XV
                                    Centuries</title>. 2nd ed. Oxford: Clarendon, 1955: 241.</bibl>
                            <bibl>
                                <ref type="DIMEV"
                                    >http://www.dimev.net/record.php?recID=807#wit-807-1</ref>
                            </bibl>
                        </listBibl>
                    </msItem>
                    <msItem n="14" xml:id="mc00072">
                        <locus>f. 238v</locus>
                        <title>Allas deceyte, &thorn;at in truste ys nowe</title>
                        <listBibl>
                            <bibl>Robbins, Rossell Hope, ed. <title>Secular Lyrics of the XIV and XV
                                    Centuries</title>. 2nd ed. Oxford: Clarendon Press, 1955:
                                100.</bibl>
                            <bibl>Davies, Reginald Thorne. <title>Medieval English Lyrics: A
                                    Critical Anthology</title>. London, 1963; Evanston, IL:
                                Northwestern University Press, 1964: 161.</bibl>
                            <bibl>
                                <ref type="DIMEV"
                                    >http://www.dimev.net/record.php?recID=270#wit-270-1</ref>
                            </bibl>
                        </listBibl>
                    </msItem>
                    <msItem n="15" xml:id="mc00073">
                        <locus>f. 238v</locus>
                        <title>Be &thorn;ou nou&yogh;t to bolde to blame</title>
                        <listBibl>
                            <bibl>
                                <ref type="DIMEV"
                                    >http://www.dimev.net/record.php?recID=779#wit-779-1</ref>
                            </bibl>
                        </listBibl>
                    </msItem>
                    <msItem n="16" xml:id="mc00074">
                        <locus>f. 238v</locus>
                        <title>Better ys to suffre and fortune abide</title>
                        <listBibl>
                            <bibl>
                                <ref type="DIMEV"
                                    >http://www.dimev.net/record.php?recID=835#wit-835-2</ref>
                            </bibl>
                        </listBibl>
                    </msItem>
                    <msItem n="17" xml:id="mc00075">
                        <locus>f. 238v</locus>
                        <title>He &thorn;e wise and wel i tau&yogh;t</title>
                        <listBibl>
                            <bibl>
                                <ref type="DIMEV"
                                    >http://www.dimev.net/record.php?recID=1833#wit-1833-1</ref>
                            </bibl>
                        </listBibl>
                    </msItem>
                </msContents>
                <physDesc>
                    <objectDesc>
                        <!-- The <supportDesc> section added for testing Dot Porter's collation visualisation tool. 
						Collation is based on Liszka and Smithers and uses the Walters collation formula. -->
                        <supportDesc>
                            <collation>
                                <!-- Formulation now based on DaRold 2014 -->
                                <formula>1(12,-1,2), 2(12), 3(12,-4,7), 4(12), 5(12), 6(12), 7(12), 8(12), 9(12), 
                                    10(12,-2,3), 11(12,-2), 12(12), 13(12), 14(12), 15(12), 16(12), 17(12), 18(12), 
                                    19(12), 20(12), 21(5), 22(7)
                                </formula>
                            </collation>
                        </supportDesc>
                    </objectDesc>
                    <!-- The description below omits hands not responsible for the above items. -->
                    <handDesc hands="7">
                        <handNote n="1" scope="major" xml:id="bioUN001">
                            <p>The first part of the manuscript, <locus from="1r" to="200r">ff.
                                    1r-200r</locus> written in the <date from="1275-01-01"
                                    to="1299-12-31">last quarter of the thirteenth
                                century</date>.</p>
                        </handNote>
                        <handNote n="2" scope="minor" xml:id="bioUN002">
                            <p>The second part of the manuscript, <locus from="200v" to="203v">ff.
                                    200v-203v</locus> written in the <date from="1275-01-01"
                                    to="1299-12-31">last quarter of the thirteenth
                                century</date>.</p>
                        </handNote>
                        <handNote n="3" scope="minor" xml:id="bioUN003">
                            <p>The third part of the manuscript, <locus from="204r" to="228r">ff.
                                    204r-228r</locus> written in the <date from="1200-01-01"
                                    to="1225-12-31">early thirteenth century</date>.</p>
                        </handNote>
                        <handNote n="4" scope="minor" xml:id="bioUN004">
                            <p>The fourth part of the manuscript, <locus from="204r" to="228r">ff.
                                    204r-228r</locus> written in a <term>compact textura</term> hand
                                of the <date from="1200-01-01" to="1225-12-31">early thirteenth
                                    century</date>.</p>
                        </handNote>
                        <handNote n="5" scope="minor" xml:id="bioUN005">
                            <p>The fifth part of the manuscript, <locus from="228v" to="237v">ff.
                                    228v-237v</locus> written in the <date from="1375-01-01"
                                    to="1399-12-31">late fourteenth century</date> in a script of
                                the same type and date (<term>Anglicana</term>) as that of <ref
                                    corresp="#magdalenecollpepys2498">Cambridge, Magdalene College,
                                    Pepys, MS 2498</ref> and <ref corresp="#laudmisc622">London,
                                    British Library, Laud Misc. MS 622</ref>.</p>
                        </handNote>
                        <handNote n="6" scope="minor" xml:id="bioUN006">
                            <p>In the sixth part of the manuscript, the <locus>top of f. 238</locus>
                                is in a hand of the <date from="1400-01-01" to="1499-12-31"
                                    >fifteenth century</date>.</p>
                        </handNote>
                        <handNote n="7" scope="minor" xml:id="bioUN007">
                            <p>In the sixth part of the manuscript, the verses on the rest of
                                    <locus>f. 238</locus> are also in a hand of the <date
                                    from="1400-01-01" to="1499-12-31">fifteenth century</date>.</p>
                        </handNote>
                        <handNote n="8" scope="minor" xml:id="bioUN008">
                            <p>On one flyleaf, <locus>f. iii recto</locus>, a <date
                                    from="1301-01-01" to="1399-12-31">fourteenth-century</date> hand
                                writes a prayer in Latin. </p>
                        </handNote>
                        <handNote n="9" scope="minor" xml:id="bioUN009">
                            <p>On one flyleaf, <locus>f. iii recto</locus>, a <date
                                    from="1400-01-01" to="1499-12-31">fifteenth-century</date> hand
                                has written a contents list, seemingly for a different manuscript,
                                which has been inserted within the leaf. Note: another hand
                                (different style of final s, for example) has traced over the first
                                few lines; whether the tracing hand has contributed writing of its
                                own is not known.</p>
                        </handNote>
                    </handDesc>
                    <scriptDesc>
                        <!-- Currently empty. -->
                        <p/>
                    </scriptDesc>
                    <decoDesc>
                        <!-- Currently empty. -->
                        <p/>
                    </decoDesc>
                </physDesc>
                <history>
                    <origin>
                        <!-- Date format will be based on Ker's system and represented by ranges. For instance, s. xv would be 
                                <date from="1401-01-01" to="1499-12-31">. We will have a table of equivalents for reference. -->
                        <!-- County names are not yet in the names spreadsheet. They should really be given xml:ids. -->
                        <p>ff. 1-198r are written in a <name type="place">W Oxon</name> dialect from
                            around the <date from="1275-01-01" to="1299-12-31">last quarter of the
                                thirteenth century</date>.</p>
                        <p>ff. 198r-203v are unidentified.</p>
                        <p>ff. 204r-219v are written in a <name type="place">W Norfolk</name>
                            dialect from around <date when="1300">c. 1300</date>.</p>
                        <p>ff. 219v-228r are written in a <name type="place">W Norfolk</name>
                            dialect with a substratum from <name type="place">SE Surrey</name>,
                                <name type="place">SW Kent</name>, or <name type="place">N
                                Suffolk</name>, from around <date when="1300">c. 1300</date>.</p>
                        <p>ff. 228v-237v were written around the <date from="1375-01-01"
                                to="1400-12-31">late fourteenth century</date>.</p>
                        <p>The verses on f. 238 were written in the <date from="1401-01-01"
                                to="1499-12-31">fifteenth century</date>.</p>
                    </origin>
                    <provenance>
                        <p>The manuscript was owned by <name ref="#bioPE001" role="owner"
                                type="person">Henry Perveys</name> around <date from="1450"
                                to="1475">1450-1475</date>.</p>
                        <p>The manuscript was owned by <name ref="#bioLA002" role="owner"
                                type="person">William Laud</name> in <date when="1633"
                            >1633</date>.</p>
                    </provenance>
                    <acquisition>The manuscript was donated to the <name ref="#orgBodL001"
                            role="owner" type="org">Bodleian Library</name> by <name ref="#bioLA002"
                            role="owner" type="person">William Laud</name> in <date when="1635"
                            >1635</date>.</acquisition>
                </history>
                <additional>
                    <listBibl>
                        <bibl>
                            <ref type="LAEME">All items belong to the LAEME <term>literary</term>
                                category.</ref>
                        </bibl>
                        <bibl>
                            <ref type="DIMEV"
                                >http://www.dimev.net/Records.php?MSS=BodLauMis108</ref>
                        </bibl>
                        <bibl>
                            <ref type="MWM"><![CDATA[http://www.hrionline.ac.uk/mwm/browse?type=ms&id=118]]></ref>
                        </bibl>
                    </listBibl>
                </additional>
            </msDesc>
        </sourceDesc>
    </fileDesc>
    <encodingDesc>
        <classDecl>
            <taxonomy xml:id="LAEME">
                <bibl>
                    <title>Catalogue of Sources for a Linguistic Atlas of Early Medieval
                        English</title>
                    <author>Margaret Laing</author>
                    <edition>1993</edition>
                </bibl>
            </taxonomy>
            <taxonomy xml:id="MWM">
                <bibl>
                    <title>Manuscripts of the West Midlands:  A Catalogue of Vernacular Manuscript Books 
                        of the English West Midlands, c. 1300 - c. 1475</title>
                    <author>Wendy Scase</author>
                    <edition>2009</edition>
                </bibl>
            </taxonomy>
        </classDecl>
    </encodingDesc>
    <profileDesc>
        <textClass>
            <keywords scheme="#LAEME">
                <term>literary</term>
            </keywords>
            <keywords>
                <term>hagiography</term>
                <term>romance</term>
            </keywords>
        </textClass>
    </profileDesc>
    <revisionDesc>
        <change when="2013-11-07" who="#bioKL001">Modified multiple sections based on revisions to
            schema.</change>
        <change when="2014-01-11" who="#bioGO001">Relocated in laudmisc108_sk-corrSKG.xml teiHeader
            subsections to enable validation; converted some character entities.</change>
        <change when="2014-01-12" who="#bioKL001">Further modifications to enable validation. File
            reconciled with laudmisc108_sk-corrSKG.xml, except for conversion of entities.</change>
        <change when="2014-01-20" who="#bioKL001">References to project staff changed to IDs with
            the bio prefix.</change>
        <change when="2014-02-05" who="#bioKL001">Complete transcription of lines 1-190 added. Some
            xml:ids updated. Many comments added to highlight issues for further
            discussion.</change>
    </revisionDesc>
</teiHeader>
