<?xml version="1.0" encoding="UTF-8"?><?oxygen RNGSchema="http://www.emesoc.org/schema/aeme.rng" type="xml"?>
<?xml-stylesheet type="text/xsl" href="teibp.xsl"?>
<!DOCTYPE TEI [
<!ENTITY teiHeader SYSTEM "teiHeader.xml">

<!ENTITY bar "&#x0305;">
<!ENTITY caret "&#x2227;">
<!ENTITY closeparen "&#x029;">
<!ENTITY combcurl "&#x1DCE;">
<!ENTITY combhook "&#x0309;">
<!ENTITY combisbelow "&#x1DD0;">
<!ENTITY combmacr "&#x0304;">
<!ENTITY combtilde "&#x0303;">
<!ENTITY combtildevert "&#x033E;">
<!ENTITY condes "&#xA76E;">
<!ENTITY dblsol "&#x2AFD;">
<!ENTITY dot "&#x02D9;">
<!ENTITY doublepipe "&#x2016;">
<!ENTITY eacute "&#x00E9;">
<!ENTITY edotbl "&#x1EB9;">
<!ENTITY emacr "&#x0113;">
<!ENTITY hidot "&#xF1F8;">
<!ENTITY horbar "&#x2015;">
<!ENTITY hstrok "&#x0127;">
<!ENTITY iacute "&#xED;">
<!ENTITY ldquo "&#x201C;">
<!ENTITY lpar "&#x028;">
<!ENTITY mdash "&#x2014;">
<!ENTITY middot "&#x00B7;">
<!ENTITY odotbl "&#x1ECD;">
<!ENTITY openparen "&#x028;">
<!ENTITY para "&#x00B6;">
<!ENTITY pbardes "&#xA751;">
<!ENTITY pflour "&#xA753;">
<!ENTITY pipe "&#x007C;">
<!ENTITY punctelev "&#xF161;">
<!ENTITY rabar "&#xF1C1;">
<!ENTITY rdquo "&#x201D;">
<!ENTITY rpar "&#x029;">
<!ENTITY Rrot "&#xA75A;">
<!ENTITY rrot "&#xA75B;">
<!ENTITY rsup "&#x036C;">
<!ENTITY slong "&#x17F;">
<!ENTITY sol "&#x002F;">
<!ENTITY ssup "&#x1DE4;">
<!ENTITY THORN "&#xDE;">
<!ENTITY thorn "&#xFE;">
<!ENTITY us "&#x1DD2;">
<!ENTITY ydot "&#x1E8F;">
<!ENTITY YOGH "&#x021C;">
<!ENTITY yogh "&#x021D;">
]>

<TEI xml:id="laudmisc108" xmlns="http://www.tei-c.org/ns/1.0">
     <!-- &teiHeader; -->
<teiHeader>
    <fileDesc>
        <titleStmt>
            <title type="codexfull">Oxford, Bodleian Library, Laud Misc. MS 108</title>
            <respStmt>
                <resp>Transcription with temporary header for proofreading produced by </resp>
                <name type="person" ref="#bioKL0001">Scott Kleinman</name>
            </respStmt>
        </titleStmt>
    </fileDesc>
</teiHeader>
    <!-- Standoff <teiHeader> and <facsimile> files  &teiHeader; &facsimile;-->
    <!-- End of Standoff <teiHeader> and <facsimile> files -->
    <text>
        <!-- Change log:
Line numbers and litterae notabiliores have been added algorithmically.
Horstmann's punctuation is retained and his notes are contained in note[@type="enc"].
Horstmann's superscripts are in retained as <hi rend="Horstmann-superscript">.
Basic pre-processing done.
Named entities:
#bioDacian0001
#bioGeorge0001
#locCappadocia01
Phase 1 complete.
Last Update: Jul 10 2015. -->
        <body>
            <div1>
                <title>The Life of St George</title>
                <pb facs="bau0271" n="130r"/>
                <note type="enc" resp="#bioKL0001">The original code lacks a pb element at the top of the file. It is addded here so a link is generated for the first image.</note>
                <head>43 [<name type="person" ref="#bioGeorge0001">Geo&rrot;ge</name>]</head>
                <fw type="guideLetters" place="topCenter">&middot;43&middot;</fw>
                <fw type="guideWords" place="topCenter"><unclear>S</unclear> Georg<unclear><hi
                            rend="supralinear">s</hi></unclear></fw>
                <fw type="fol" place="topRight">730</fw>
                <lg>
                    <l xml:id="bodllaudmisc108.3ah.1"><hi rend="touched-red">S</hi><sg type="ln"/>Eint <name
                            type="person" ref="#bioGeorge0001">Geo&rrot;ge</name> þe holie man<pc>
                            &punctelev; </pc>a&slong;e we findez i<sg/>w&rrot;ite</l>
                    <l xml:id="bodllaudmisc108.3ah.2">I<sg type="ln"/>n þe londe of <name type="place"
                            ref="#locCappadocia01">Cappadoce</name><pc> &punctelev; </pc>he
                        wa&slong; i<sg/>bo&rrot;e and bi<sg/>ȝite</l>
                    <l xml:id="bodllaudmisc108.3ah.3"><hi rend="touched-red">þ</hi><sg type="ln"/>e
                        fal&slong;e gode&slong; he fo&rrot;<sg/>&slong;ok<pc> &punctelev; </pc>and
                        to&rrot;nede to cri&slong;tine<sg/>dom</l>
                    <l xml:id="bodllaudmisc108.3ah.4"><hi rend="touched-red">A</hi><sg type="ln"/>nd
                        louede Ie&slong;u <choice>
                            <orig>c<am>&combtildevert;</am>&slong;t</orig>
                            <reg>C<ex>ri</ex>st</reg>
                        </choice> &slong;wiþe wel <pc> &punctelev; </pc>and holi man bi<sg/>com</l>
                    <l xml:id="bodllaudmisc108.3ah.5"><name type="person" ref="#bioDacian0001">D<sg
                                type="ln"/>acian</name> þe luþere p&rrot;ince<pc> &punctelev;
                        </pc>þat was in þulke &slong;tounde</l>
                    <l xml:id="bodllaudmisc108.3ah.6"><hi rend="touched-red">A</hi><sg type="ln"
                        />lle þe cri&slong;tine men þat he fond<pc> &punctelev; </pc>he let
                        b&rrot;ingue to grounde</l>
                    <l xml:id="bodllaudmisc108.3ah.7">A da&ydot; a&slong;e he honourede is
                        fal&slong;e gode&slong;<pc> &punctelev; </pc>and oþere manie on</l>
                    <l xml:id="bodllaudmisc108.3ah.8"><hi rend="touched-red">S</hi><sg type="ln"
                        />eint <name type="person" ref="#bioGeorge0001">Geo&rrot;ge</name>
                        <choice>
                            <orig>I<sg/>&slong;aiȝ</orig>
                            <reg>isaiȝ</reg>
                        </choice> al þis<pc> &punctelev; </pc>a&slong;e he cam þare<sg/>fo&rrot;th
                        gon</l>
                    <l xml:id="bodllaudmisc108.3ah.9"><hi rend="touched-red">þ</hi><sg type="ln"/>e
                        &slong;igne he made of þe croiz<pc> &punctelev; </pc> and
                        ble&slong;&slong;ede him al<sg/>a<sg/>boute</l>
                    <l xml:id="bodllaudmisc108.3ah.10"><hi rend="touched-red">A</hi><sg type="ln"
                        />nd <choice>
                            <orig>Armede</orig>
                            <reg>armede</reg>
                        </choice> him þo&rrot;uȝ þe holie go&slong;t<pc> &punctelev; </pc><choice>
                            <orig>with<sg/>Inne</orig>
                            <reg>withinne</reg>
                        </choice> and with<sg/>oute</l>
                    <l xml:id="bodllaudmisc108.3ah.11"><hi rend="touched-red">h</hi><sg type="ln"/>e
                        wende him fo&rrot;th wel baldeliche<pc> &punctelev; </pc>and wel loude
                        bi<sg/>gan to grede</l>
                    <l xml:id="bodllaudmisc108.3ah.12"><hi rend="touched-red">T</hi><sg type="ln"/>o
                            <name type="person" ref="#bioDacian0001">Dacian</name> and to <choice>
                            <orig>Alle</orig>
                            <reg>alle</reg>
                        </choice> his<pc> &punctelev; </pc>and þeose wo&rrot;de&slong;
                        &slong;ede</l>
                    <l xml:id="bodllaudmisc108.3ah.13"><hi rend="touched-red">A</hi><sg type="ln"
                        />lle fal&slong;e gode&slong; &slong;o beoth<pc>
                        &punctelev;</pc>deuel&slong;chine i<sg/>wis</l>
                    <l xml:id="bodllaudmisc108.3ah.14"><hi rend="touched-red">F</hi><sg type="ln"
                        />o&rrot; o&rrot;e louerd made heuene<pc> &middot; </pc>a&slong;e in þe
                        &slong;autere i<sg/>w&rrot;iten it is</l>
                    <l xml:id="bodllaudmisc108.3ah.15"><hi rend="touched-red">þ</hi><sg type="ln"/>o
                            <name type="person" ref="#bioDacian0001">Dacian</name> i<sg/>heo&rrot;de
                            þis<pc> &punctelev; </pc>he grennede and femde fa&slong;te</l>
                    <l xml:id="bodllaudmisc108.3ah.16"><hi rend="touched-red">A</hi><sg type="ln"
                        />nd lourede with &slong;o&rrot;i &slong;emblaunt<pc> &punctelev; </pc>and
                        þeos wo&rrot;de&slong; out he ca&slong;te</l>
                    <l xml:id="bodllaudmisc108.3ah.17"><seg xml:lang="fr"><hi rend="touched-red"
                                >B</hi><sg type="ln"/>el<sg> </sg>am&ydot;</seg> ȝwat art þou<pc>
                            &punctelev; </pc>þat so gret fol art and &slong;o bold</l>
                    <l xml:id="bodllaudmisc108.3ah.18"><hi rend="touched-red">þ</hi><sg type="ln"
                        />at in ov&rrot;e power and bi ov&rrot;e gode&slong;<pc> &punctelev;
                        </pc>&slong;wuche wo&rrot;de&slong; ha&slong;t i<sg/>told</l>
                    <l xml:id="bodllaudmisc108.3ah.19"><hi rend="touched-red">þ</hi><sg type="ln"
                        />ov ne do&slong;t u&slong; nouȝt one &slong;chame<pc> &punctelev;
                        </pc>a&slong;e we alle <choice>
                            <orig>I<sg/>&slong;eoth</orig>
                            <reg>iseoth</reg>
                        </choice></l>
                    <l xml:id="bodllaudmisc108.3ah.20"><hi rend="touched-red">A</hi><sg type="ln"
                        />ke o&rrot;e gode&slong; and us ȝwane þou &slong;ei&slong;t<pc> &punctelev;
                        </pc>þat hu&ydot; deuelene beoth</l>
                    <l xml:id="bodllaudmisc108.3ah.21"><hi rend="touched-red">T</hi><sg type="ln"
                        />el me &slong;one of ȝwanne&slong; þou art <pc> &punctelev; </pc>and ȝwat
                        is þi riȝte name</l>
                    <l xml:id="bodllaudmisc108.3ah.22"><hi rend="touched-red">þ</hi><sg type="ln"
                        />at dar&slong;t u&slong; &slong;egge and o&rrot;e gode&slong;<pc>
                            &punctelev; </pc>þu&slong; baldeliche &slong;<del rend="subpointed"
                            >ch</del>wch &slong;chame</l>
                    <l xml:id="bodllaudmisc108.3ah.23"><name type="person" ref="#bioGeorge0001"><hi
                                rend="touched-red">G</hi><sg type="ln"/>eo&rrot;ge</name> ich hote
                        þi&slong; oþur seide<pc> &punctelev; </pc>and cri&slong;tine man ich am</l>
                    <l xml:id="bodllaudmisc108.3ah.24"><hi rend="touched-red">A</hi><sg type="ln"
                        />nd out of þe lond of <name type="place" ref="#locCappadocia01"><choice>
                                <orig>cappadoce</orig>
                                <reg>Cappadoce</reg>
                            </choice></name><pc> &punctelev; </pc>hidere to eov ich cam</l>
                    <l xml:id="bodllaudmisc108.3ah.25"><seg xml:lang="fr"><hi rend="touched-red"
                                >b</hi><sg type="ln"/>el am&ydot;</seg> &slong;eide <name
                            type="person" ref="#bioDacian0001">Dacian</name><pc> &punctelev;
                        </pc>to&rrot;ne þi wo&rrot;d a<sg/>non</l>
                    <l xml:id="bodllaudmisc108.3ah.26"><hi rend="touched-red">A</hi><sg type="ln"
                        />nd honoure here ov&rrot;e gode&slong;<pc> &punctelev; </pc>oþur it
                        &slong;chal an<sg/>oþur gon</l>
                    <l xml:id="bodllaudmisc108.3ah.27"><hi rend="touched-red">B</hi><sg type="ln"
                        />eo &slong;tille þov fol seint <name type="person" ref="#bioGeorge0001"
                            >Geo&rrot;ge</name> &slong;eide<pc> &punctelev; </pc>þou spext embe
                        nouȝt</l>
                    <l xml:id="bodllaudmisc108.3ah.28"><hi rend="touched-red">F</hi><sg type="ln"
                        />o&rrot; ich habbe on Ie&slong;u cri&slong;t<pc> &punctelev; </pc><choice>
                            <orig>I<sg/>fa&slong;tned</orig>
                            <reg>ifastned</reg>
                        </choice> al mi þouȝt</l>
                    <l xml:id="bodllaudmisc108.3ah.29"><hi rend="touched-red">A</hi><sg type="ln"/>
                        tra&ydot;tour &slong;eide <name type="person" ref="#bioDacian0001"
                            >Dacian</name><pc> &punctelev; </pc>wolt þov take on so?</l>
                    <l xml:id="bodllaudmisc108.3ah.30"><hi rend="touched-red">þ</hi><sg type="ln"
                        />ov &slong;chalt in oþere ribaudies <pc> &punctelev; </pc>&slong;one
                        daiȝe&slong; beo i<sg/>do</l>
                    <l xml:id="bodllaudmisc108.3ah.31"><hi rend="touched-red">h</hi><sg type="ln"/>e
                        liet him hangi up an heiȝ<pc> &punctelev; </pc><choice>
                            <orig>In</orig>
                            <reg>in</reg>
                        </choice> one<sg/>manere rode</l>
                    <l xml:id="bodllaudmisc108.3ah.32"><hi rend="touched-red">A</hi><sg type="ln"
                        />nd þare<sg/>to him binde fa&slong;te al naked<pc> &punctelev; </pc>with
                        rope&slong; &slong;trongue and guode</l>
                    <!-- folio 130b -->
                    <pb facs="bau0272" n="130v"/>
                    <fw type="guideLetters" place="topCenter">&middot;43&middot;</fw>
                    <cb n="1"/>
                    <l xml:id="bodllaudmisc108.3ah.33"><hi rend="touched-red">w</hi><sg type="ln"
                        />ith kene <choice>
                            <orig>Owele&slong;</orig>
                            <reg>owles</reg>
                        </choice> þer<sg/>under<pc> &punctelev; </pc>þe to&rrot;mento&rrot;e&slong;
                        &slong;tode</l>
                    <l xml:id="bodllaudmisc108.3ah.34"><hi rend="touched-red">A</hi><sg type="ln"
                        />nd to<sg/>d&rrot;owen is holie l&ydot;mes<pc> &punctelev; </pc>þat
                        fa&slong;te hu&ydot; ronne on blode</l>
                    <l xml:id="bodllaudmisc108.3ah.35"><hi rend="touched-red">A</hi><sg type="ln"/>l
                        hu&ydot; to<sg/>teren is <choice>
                            <sic>ted&rrot;e</sic>
                            <corr>tendre</corr>
                        </choice> fle&slong;ch<pc> &punctelev; </pc>þe pece&slong; fullen to
                        grounde</l>
                    <l xml:id="bodllaudmisc108.3ah.36"><hi rend="touched-red">B</hi><sg type="ln"
                        />renninde eo&ydot;le hu&ydot; nomen sethþe<pc> &punctelev; </pc>and
                        ca&slong;ten <choice>
                            <orig>In</orig>
                            <reg>in</reg>
                        </choice> þe wounde</l>
                    <l xml:id="bodllaudmisc108.3ah.37"><hi rend="touched-red">þ</hi><sg type="ln"/>o
                        hu&ydot; hadden him &slong;o longue to<sg/>d&rrot;awe<pc> &punctelev;
                        </pc>þat reouþe it wa&slong; to seo</l>
                    <l xml:id="bodllaudmisc108.3ah.38"><hi rend="touched-red">h</hi><sg type="ln"
                        />u&ydot; bi<sg/>þouȝten heom of mo&rrot;e wo <pc> &punctelev; </pc>and
                        nomen him a<sg/>doun of þe treo</l>
                    <l xml:id="bodllaudmisc108.3ah.39"><hi rend="touched-red">w</hi><sg type="ln"
                        />ith &slong;marte &slong;courge&slong; hu&ydot; leiden on him<pc>
                            &punctelev; </pc>and wounde op<sg/>on oþur made</l>
                    <l xml:id="bodllaudmisc108.3ah.40"><hi rend="touched-red">t</hi><sg type="ln"/>o
                        þe bare bon þe &slong;courgene comen<pc> &punctelev; </pc>a&slong;e þe <choice>
                            <orig>Owle&slong;</orig>
                            <reg>owles</reg>
                        </choice> hadden i<sg/>wade</l>
                    <l xml:id="bodllaudmisc108.3ah.41"><hi rend="touched-red">þ</hi><sg type="ln"/>e
                        woundene hu&ydot; &slong;elten &slong;ethþe <pc> &punctelev; </pc>and
                        &slong;alt ful þicke ca&slong;te</l>
                    <l xml:id="bodllaudmisc108.3ah.42"><hi rend="touched-red">A</hi><sg type="ln"
                        />nd sethþe with a clout of here<pc> &punctelev; </pc>roddeden þe
                        wounde&slong; fa&slong;te</l>
                    <l xml:id="bodllaudmisc108.3ah.43"><hi rend="touched-red">l</hi><sg type="ln"
                        />ouerd muche wa&slong; þe pine þat he hadde<pc> &punctelev; </pc>ech ope
                        oþur þere</l>
                    <l xml:id="bodllaudmisc108.3ah.44"><hi rend="touched-red">þ</hi><sg type="ln"/>o
                        men &slong;elten &slong;o is quike fle&slong;ch<pc> &punctelev; </pc>and
                        roddeden &slong;o with here</l>
                    <l xml:id="bodllaudmisc108.3ah.45"><hi rend="touched-red">R</hi><sg type="ln"
                        />euþe it wa&slong; &slong;wuch pine to se <pc> &punctelev;
                        </pc>ho<sg/>&slong;o ouȝt of reuþe were</l>
                    <l xml:id="bodllaudmisc108.3ah.46"><hi rend="touched-red">A</hi><sg type="ln"
                        />nd euere la&ydot; þe guode <choice>
                            <orig>Man</orig>
                            <reg>man</reg>
                        </choice><pc> &punctelev; </pc>a&slong;e þei him noþing nere</l>
                    <l xml:id="bodllaudmisc108.3ah.47"><hi rend="hi red-ink">&para;</hi><hi
                            rend="touched-red">þ</hi><sg type="ln"/>o <name type="person"
                            ref="#bioDacian0001">Dacian</name> i&slong;aiȝ þat he ne miȝte<pc>
                            &punctelev; </pc>ouer<sg/>comen him &slong;o</l>
                    <l xml:id="bodllaudmisc108.3ah.48"><hi rend="touched-red">h</hi><sg type="ln"/>e
                        let binde þene holie man<pc> &punctelev; </pc>and in &slong;trongue
                        p&rrot;i&slong;one do</l>
                    <l xml:id="bodllaudmisc108.3ah.49"><hi rend="touched-red">þ</hi><sg type="ln"
                        />are he lai al þe longue niȝt <pc> &punctelev; </pc>to o<unclear
                            reason="rubbed">þ</unclear>u<unclear reason="rubbed">r</unclear> wo þat
                        he hadde</l>
                    <l xml:id="bodllaudmisc108.3ah.50"><hi rend="touched-red">A</hi><sg type="ln"
                        /><sg/>mo&rrot;ewe þe to&rrot;mento&rrot;e&slong; eft<sg/>&slong;one<pc>
                            &punctelev; </pc>bi<sg/>fo&rrot;e <name type="person"
                            ref="#bioDacian0001">Daciane</name> him ladden</l>
                    <l xml:id="bodllaudmisc108.3ah.51"><hi rend="touched-red">I</hi><sg type="ln"/>n
                        eche manere hu&ydot; fondeden þo <pc> &punctelev; </pc>ȝif hu&ydot; miȝten
                        tu&ydot;&rrot;ne is þouȝt</l>
                    <l xml:id="bodllaudmisc108.3ah.52"><hi rend="touched-red">A</hi><sg type="ln"
                        />ke þo hu&ydot; i<sg/>seiȝen euerech<sg/>one<pc> &punctelev; </pc>þat it
                        wa&slong; al fo&rrot; nouȝt</l>
                    <l xml:id="bodllaudmisc108.3ah.53"><name type="person" ref="#bioDacian0001">D<sg
                                type="ln"/>acian</name> let makie a weol of b&rrot;as<pc>
                            &punctelev; </pc>&slong;o &slong;trong a&slong;e he miȝte</l>
                    <l xml:id="bodllaudmisc108.3ah.54"><hi rend="touched-red">A</hi><sg type="ln"
                        />nd &slong;charpe &slong;weo&rrot;de&slong; wel þicke a<sg/>boute<pc>
                            &punctelev; </pc>þare<sg/>on fa&slong;te he piȝte</l>
                    <l xml:id="bodllaudmisc108.3ah.55"><hi rend="touched-red">h</hi><sg type="ln"/>e
                        let nime þis holie man<pc> &punctelev; </pc>and þare<sg/>aboue him do</l>
                    <l xml:id="bodllaudmisc108.3ah.56"><hi rend="touched-red">þ</hi><sg type="ln"
                        />at þe &slong;werde&slong; &slong;cholden is bodi to<sg/>rende<pc>
                            &punctelev; </pc>and to<sg/>d&rrot;awe al<sg/>&slong;o</l>
                    <l xml:id="bodllaudmisc108.3ah.57"><hi rend="touched-red">S</hi><sg type="ln"/>o
                        &slong;one a&slong;e hu&ydot; þis guode man <pc> &punctelev; </pc>a<sg/>boue
                        þu&slong;&slong;e ȝweole b&rrot;ouȝte</l>
                    <l xml:id="bodllaudmisc108.3ah.58"><hi rend="touched-red">þ</hi><sg type="ln"
                        />at ȝweol to<sg/>b&rrot;ac a&slong;e <choice>
                            <orig>god</orig>
                            <reg>God</reg>
                        </choice> it wolde<pc> &punctelev; </pc>and to<sg/>b&rrot;u&ydot;&slong;de
                        al<sg/>to nouȝte</l>
                    <l xml:id="bodllaudmisc108.3ah.59"><hi rend="touched-red">S</hi><sg type="ln"/>o
                        þat þis holie man<pc> &punctelev; </pc>harmles þarof he was</l>
                    <l xml:id="bodllaudmisc108.3ah.60"><name type="person" ref="#bioDacian0001">D<sg
                                type="ln"/>acian</name> was &slong;wiþe w&rrot;oth<pc> &punctelev;
                        </pc>þo he isaiȝ þat cas</l>
                    <l xml:id="bodllaudmisc108.3ah.61"><hi rend="h2 blue-ink">&para;</hi><hi
                            rend="touched-red">A</hi> fo&rrot;nei&slong; he let maken of
                            b&rrot;as<pc> &punctelev; </pc>and fullen it ful of led</l>
                    <l xml:id="bodllaudmisc108.3ah.62"><hi rend="touched-red">h</hi><sg type="ln"/>e
                        let maken a &slong;trong fu&ydot;&rrot; i<sg/>novȝ<pc> &punctelev;
                        </pc>a&slong;e he nam &slong;one is red</l>
                    <l xml:id="bodllaudmisc108.3ah.63"><hi rend="touched-red">Þ</hi><sg type="ln"/>o
                        þat led wa&slong; al i<sg/>molte<pc> &middot; </pc>and bo&ydot;lede
                        &slong;wiþe fa&slong;te</l>
                    <l xml:id="bodllaudmisc108.3ah.64"><hi rend="touched-red">h</hi><sg type="ln"/>e
                        let nimen þis holie man<pc> &punctelev; </pc>and riȝt a<sg/>midde&slong;
                        ca&slong;te</l>
                </lg>
                <lg>
                    <l xml:id="bodllaudmisc108.3ah.65"><hi rend="touched-red">S</hi><hi
                            rend="touched-red">E</hi>int <name type="person" ref="#bioGeorge0001"
                                ><hi rend="touched-red">G</hi>eo&rrot;ge</name> nam up is hond<pc>
                            &punctelev; </pc>and þe croiz bi<sg/>fo&rrot;e him made</l>
                    <l xml:id="bodllaudmisc108.3ah.66"><hi rend="touched-red">A</hi><sg type="ln"
                        />nd in þe wallinde led<pc> &punctelev; </pc>baldeliche he gan wade</l>
                    <l xml:id="bodllaudmisc108.3ah.67"><choice>
                            <orig><hi rend="touched-red">þ</hi><sg type="ln"/>are<sg/>Inne</orig>
                            <reg>þareinne</reg>
                        </choice> he &slong;at wel &slong;ofte a<sg/>doun<pc> &punctelev;
                        </pc>a&slong;e þei him noþing nere</l>
                    <l xml:id="bodllaudmisc108.3ah.68"><hi rend="touched-red">A</hi><sg type="ln"
                        />nd leonede to þe b&rrot;erde &slong;tille<pc> &punctelev; </pc>a&slong;e
                        þei he a<sg/>slepe were</l>
                    <l xml:id="bodllaudmisc108.3ah.69"><hi rend="touched-red">h</hi><sg type="ln"/>e
                        lai a&slong;e þei he in re&slong;te were<pc> &punctelev;
                        </pc>fo&rrot;<sg/>to þat led at<sg> </sg>þe la&slong;te</l>
                    <l xml:id="bodllaudmisc108.3ah.70"><hi rend="touched-red">w</hi><sg type="ln"
                        />a&slong; al in<sg/>to þe colde i<sg/>turnd <pc> &punctelev; </pc>þat
                        bo&ydot;lede er &slong;o fa&slong;te</l>
                    <l xml:id="bodllaudmisc108.3ah.71"><hi rend="touched-red">L</hi><sg type="ln"
                        />ouerd muche is þi miȝte<pc> &punctelev; </pc>a&slong;e men miȝten þare
                        i<sg/>&slong;eo</l>
                    <l xml:id="bodllaudmisc108.3ah.72"><hi rend="touched-red">þ</hi><sg type="ln"
                        />at ani man miȝte in þe wallinde led<pc> &punctelev; </pc>&slong;o longue
                        harmles beo</l>
                    <l xml:id="bodllaudmisc108.3ah.73"><hi rend="h2 red-ink">&para;</hi><hi
                            rend="touched-red">þ</hi><sg type="ln"/>o <name type="person"
                            ref="#bioDacian0001">Dacian</name> þis i<sg/>&slong;eiȝ<pc> &punctelev;
                        </pc>his wit him wa&slong; neiȝ bi<sg/>nome</l>
                    <l xml:id="bodllaudmisc108.3ah.74"><hi rend="touched-red">M</hi><sg type="ln"
                        />ahun he &slong;eide hov geth þis<pc> &punctelev; </pc>ȝware is novþe þi
                        miȝte bi<sg/>come</l>
                    <l xml:id="bodllaudmisc108.3ah.75"><hi rend="touched-red">Ȝ</hi><sg type="ln"
                        />wane I<sg> </sg>ne ma&ydot; þis foule þeof <pc> &punctelev;
                        </pc>ouer<sg/>come in þu&slong;&slong;e wi&slong;e</l>
                    <l xml:id="bodllaudmisc108.3ah.76"><hi rend="touched-red">I</hi><sg type="ln"/>
                        &slong;chal bi<sg/>nime him &slong;one is lijf<pc> &punctelev; </pc>þare he
                        ne &slong;chal neuere a<sg/>ri&slong;e</l>
                    <l xml:id="bodllaudmisc108.3ah.77"><hi rend="touched-red">h</hi><sg type="ln"
                        />is dom he gan to ȝiue a<sg/>non<pc> &punctelev; </pc>þat hu&ydot; seint
                            <name type="person" ref="#bioGeorge0001">Geo&rrot;ge</name> nome</l>
                    <!-- folio 131 -->
                    <pb facs="bau0273" n="131r"/>
                    <fw type="guideLetters" place="topCenter">&middot;44&middot;</fw>
                    <fw type="guideLetters" place="topCenter">44</fw>
                    <fw type="fol" place="topRight">131</fw>
                    <cb n="1"/>
                    <l xml:id="bodllaudmisc108.3ah.78"><hi rend="touched-red">A</hi>nd d&rrot;owen
                        him þo&rrot;uȝ<add place="sublinear">&caret;</add><add place="supralinear"
                            >ovt</add> al þe toun<pc> &punctelev; </pc>fo&rrot;<sg/>to<sg
                        > </sg>hu&ydot; with<sg/>oute come</l>
                    <l xml:id="bodllaudmisc108.3ah.79"><hi rend="touched-red">h</hi>u&ydot;
                        &slong;miten of his heued<pc> &punctelev; </pc>with<sg/>oute þe toun at<sg> </sg>þe
                        la&slong;te</l>
                    <l xml:id="bodllaudmisc108.3ah.80"><hi rend="touched-red">A</hi><sg type="ln"
                        />nd is bodi þare in<sg> </sg>&slong;um foul place<pc> &punctelev; </pc>to
                        wilde be&slong;te&slong; it ca&slong;te</l>
                    <l xml:id="bodllaudmisc108.3ah.81"><hi rend="touched-red">Þ</hi><sg type="ln"/>o
                        þis dom was þu&slong; <choice>
                            <orig>Iȝ&ydot;ue</orig>
                            <reg>iȝyue</reg>
                        </choice><pc> &punctelev; </pc>hit na&slong; nouȝt i<sg/>lete</l>
                    <l xml:id="bodllaudmisc108.3ah.82"><hi rend="touched-red">h</hi><sg type="ln"
                        />u&ydot; nomen and d&rrot;owen þis holie man<pc> &punctelev; </pc>villiche
                        þo&rrot;uȝ þe &slong;trete</l>
                    <l xml:id="bodllaudmisc108.3ah.83"><hi rend="touched-red">F</hi><sg type="ln"
                        />o&rrot;to hu&ydot; comen with<sg/>oute toun <pc> &punctelev; </pc>þare
                        hu&ydot; wolden is heued of &slong;mite</l>
                    <l xml:id="bodllaudmisc108.3ah.84"><hi rend="touched-red">h</hi><sg type="ln"
                        />eo&rrot;e wepne hu&ydot; d&rrot;owen fo&rrot;th and ȝwetten hem<pc>
                            &punctelev; </pc>kene fo&rrot;to bite</l>
                    <l xml:id="bodllaudmisc108.3ah.85"><hi rend="touched-red">L</hi><sg type="ln"
                        />eoue b&rrot;eþren seint <name type="person" ref="#bioGeorge0001"
                            >Geo&rrot;ge</name> &slong;eide<pc> &punctelev; </pc>one <choice>
                            <orig>&slong;tou<am>&combmacr;</am>fr</orig>
                            <reg>stou<ex>n</ex>de</reg>
                        </choice> a<sg/>bidez ȝu&ydot;te</l>
                    <l xml:id="bodllaudmisc108.3ah.86"><hi rend="touched-red">F</hi><sg type="ln"
                        />o&rrot;<sg/>to ich habbe to Ie&slong;u <choice>
                            <orig>c<am>&combtildevert;</am>&slong;t</orig>
                            <reg>C<ex>ri</ex>st</reg>
                        </choice>
                        <pc> &punctelev; </pc>mine bone i<sg/>bede a lu&ydot;te</l>
                    <l xml:id="bodllaudmisc108.3ah.87"><hi rend="hw red-ink">&para;</hi><hi
                            rend="touched-red">h</hi><sg type="ln"/>is hondene he heold up on
                            heiȝ<pc> &punctelev; </pc>a<sg/>doun he &slong;at on kneo</l>
                    <l xml:id="bodllaudmisc108.3ah.88"><hi rend="touched-red">A</hi><sg type="ln"
                        />nd &slong;eide &slong;wete louerd Ie&slong;u <choice>
                            <orig>c<am>&combtildevert;</am>&slong;t</orig>
                            <reg>C<ex>ri</ex>st</reg>
                        </choice><pc> &punctelev; </pc>þat alle þing miȝt i<sg/>&slong;eo</l>
                    <l xml:id="bodllaudmisc108.3ah.89"><hi rend="touched-red">g</hi><sg type="ln"
                        />raunte me ȝif þi wille is<pc> &punctelev; </pc>þat ho<sg/>&slong;o in
                        guode manere</l>
                    <l xml:id="bodllaudmisc108.3ah.90"><hi rend="touched-red">h</hi><sg type="ln"
                        />alewez mine da&ydot; in Aueril<pc> &punctelev; </pc>fo&rrot; mi loue on
                        eo&rrot;þe here</l>
                    <l xml:id="bodllaudmisc108.3ah.91"><hi rend="touched-red">þ</hi><sg type="ln"
                        />at þare ne falle in þat hous <pc> &punctelev; </pc>no qualm in al þe
                        ȝere</l>
                    <l xml:id="bodllaudmisc108.3ah.92"><hi rend="touched-red">N</hi><sg type="ln"/>e
                        gret sijkne&slong;&slong;e ne hongur &slong;trong<pc> &punctelev; </pc>þat
                        þarof beo no fere</l>
                    <l xml:id="bodllaudmisc108.3ah.93"><hi rend="touched-red">A</hi><sg type="ln"
                        />nd ho<sg/>&slong;o in perile of þe se<pc> &punctelev; </pc>to me bit is
                        bone</l>
                    <l xml:id="bodllaudmisc108.3ah.94"><hi rend="touched-red">O</hi><sg type="ln"
                        />þur in an&ydot; oþur &slong;tude <choice>
                            <orig><am>&pbardes;</am>ilous</orig>
                            <reg><ex>per</ex>ilous</reg>
                        </choice><pc> &punctelev; </pc>louerd þov helpe heom &slong;one</l>
                    <l xml:id="bodllaudmisc108.3ah.95"><hi rend="h2 blue-ink">&para;</hi><hi
                            rend="touched-red">þ</hi><sg type="ln"/>o i<sg/>heo&rrot;den hu&ydot; a
                        voiz in heuene<pc> &punctelev; </pc>þat to him &slong;eide i<sg/>wis</l>
                    <l xml:id="bodllaudmisc108.3ah.96"><hi rend="touched-red">M</hi><sg type="ln"/>i
                        ble&slong;&slong;ede child cum here fo&rrot;th to me<pc> &punctelev; </pc>þi
                        bone i<sg/>heo&rrot;d is</l>
                    <l xml:id="bodllaudmisc108.3ah.97"><hi rend="touched-red">þ</hi><sg type="ln"/>o
                        is heued wa&slong; of i<sg/>&slong;mite<pc> &punctelev; </pc>a&slong;e al
                        þat folk i<sg/>&slong;eiȝ</l>
                    <l xml:id="bodllaudmisc108.3ah.98"><hi rend="touched-red">A</hi><sg type="ln"
                        />ungle&slong; nomen is &slong;wete &slong;oule<pc> &punctelev; </pc>and to
                        heuene beren on heiȝ</l>
                    <l xml:id="bodllaudmisc108.3ah.99"><hi rend="touched-red">þ</hi><sg type="ln"
                        />are he is in grete <choice>
                            <orig>Io&ydot;e</orig>
                            <reg>ioye</reg>
                        </choice><pc> &punctelev; </pc>þat la&slong;t with<sg/>outen ende</l>
                    <l xml:id="bodllaudmisc108.3ah.100"><hi rend="touched-red">N</hi><sg type="ln"
                        />ov <choice>
                            <orig>god</orig>
                            <reg>God</reg>
                        </choice> fo&rrot; &slong;eint <name type="person" ref="#bioGeorge0001"><hi
                                rend="pointed-red">G</hi>eo&rrot;ge&slong;</name> loue<pc>
                            &punctelev; </pc>late o&rrot;e &slong;oule þudere wende</l>
                </lg>
                <endPage xml:id="ep3"/>
            </div1>
        </body>
    </text>
</TEI>
