﻿<?xml version="1.0" encoding="UTF-8"?>
<!-- <?xml-stylesheet type="text/xsl" href="C:\Users\Scott\Documents\GitHub\aeme\assets\xslt\simple_page_range.xsl"?>
 -->
 <!DOCTYPE TEI [

<!ENTITY bar "&#x0305;">
<!ENTITY caret "&#x2227;">
<!ENTITY closeparen "&#x029;">
<!ENTITY combcurl "&#x1DCE;">
<!ENTITY combisbelow "&#x1DD0;">
<!ENTITY combmacr "&#x0304;">
<!ENTITY combtilde "&#x0303;">
<!ENTITY combtildevert "&#x033E;">
<!ENTITY condes "&#xA76E;">
<!ENTITY dblsol "&#x2AFD;">
<!ENTITY dot "&#x02D9;">
<!ENTITY doublepipe "&#x2016;">
<!ENTITY eacute "&#x00E9;">
<!ENTITY edotbl "&#x1EB9;">
<!ENTITY emacr "&#x0113;">
<!ENTITY hidot "&#xF1F8;">
<!ENTITY horbar "&#x2015;">
<!ENTITY hstrok "&#x0127;">
<!ENTITY iacute "&#xED;">
<!ENTITY ldquo "&#x201C;">
<!ENTITY lpar "&#x028;">
<!ENTITY mdash "&#x2014;">
<!ENTITY middot "&#x00B7;">
<!ENTITY odotbl "&#x1ECD;">
<!ENTITY openparen "&#x028;">
<!ENTITY para "&#x00B6;">
<!ENTITY pbardes "&#xA751;">
<!ENTITY pflour "&#xA753;">
<!ENTITY pipe "&#x007C;">
<!ENTITY punctelev "&#xF161;">
<!ENTITY rabar "&#xF1C1;">
<!ENTITY rdquo "&#x201D;">
<!ENTITY rpar "&#x029;">
<!ENTITY Rrot "&#xA75A;">
<!ENTITY rrot "&#xA75B;">
<!ENTITY rsup "&#x036C;">
<!ENTITY slong "&#x17F;">
<!ENTITY sol "&#x002F;">
<!ENTITY THORN "&#xDE;">
<!ENTITY thorn "&#xFE;">
<!ENTITY us "&#x1DD2;">
<!ENTITY ydot "&#x1E8F;">
<!ENTITY YOGH "&#x021C;">
<!ENTITY yogh "&#x021D;">
]>

<TEI xml:id="laudmisc108" xmlns="http://www.tei-c.org/ns/1.0">
    <teiHeader>
        <notValid>Hello</notValid>
    </teiHeader>

    <!-- Standoff <teiHeader> and <facsimile> files  &teiHeader; &facsimile;-->
    <!-- End of Standoff <teiHeader> and <facsimile> files -->
    <text>
        <!-- Change log:
Editing begun by Scott Kleinman.
All B-verse-initial capitals are those found in the manuscript. All A-verse-initial capitals are those given in 
Linow's edition. The assumption is that they will be converted to capitals in the critical view anyway.
Need to devise system for ydot on verse-initial capitals.
Named entities:
#bioMary0001
#locBoston01
#locBewis01
Last Update: May 12 2015. -->
        <body>
            <div1 rend="halfline">
            <pb n="200v" facs="bau0416"/>
            <cb n="3"/>
            <note type="enc" resp="#bioKL0001">The preceding text is in two columns, whereas this
                one, beginning halfway down the page is in one column. It is numbered 3, and the
                layout will presumably be handled in the facsimile markup. Also, the lines are
                written with line breaks after each ab couplet and punctus elevatus between the
                a-verse and the b-verse. Right now, I have simply added @rend="halfline" to div1,
                but extra markup will have to indicate where line breaks will have to be inserted in
                the views.</note>
                <fw type="guideLetters" place="marginLeft">10</fw>
                <lg>
                    <l xml:id="bodllaudmisc108.6.1" rhyme="A"><choice>
                            <sic><space unit="letters" quantity="1"/>ls</sic>
                            <corr>Als</corr>
                        </choice> i<sg> </sg>la&ydot; in <add place="supralinear">a</add>
                        winteri&slong; n&ydot;t<pc>&punctelev;</pc></l>
                    <l xml:id="bodllaudmisc108.6.2" rhyme="B">in a <choice>
                            <orig>d&rrot;oukeni<am>&combmacr;</am>g</orig>
                            <reg>droukeni<ex>n</ex>g</reg>
                        </choice> bi<sg/>fo&rrot; þe da&ydot;<metamark xml:id="meta0001"
                            function="verse-clarifiction" rend="wavy-line"
                            target="#bodllaudmisc108.6.6"/></l>
                    <l xml:id="bodllaudmisc108.6.3" rhyme="A"><space unit="letters" quantity="1"
                        />vo&rrot; &slong;oþe i &slong;auȝ a<sg> </sg>&slong;ell&ydot;
                            s&ydot;t<pc>&punctelev;</pc></l>
                    <l xml:id="bodllaudmisc108.6.4" rhyme="B">a bod&ydot; on a bere
                            la&ydot;<metamark function="verse-clarifiction" rend="wavy-line"
                            target="#meta0001"/></l>
                    <l xml:id="bodllaudmisc108.6.5" rhyme="A">Þ<sg type="ln"/>at hauede ben
                            a<sg> </sg>mod&ydot; kn&ydot;ȝt<pc>&punctelev;</pc></l>
                    <l xml:id="bodllaudmisc108.6.6" rhyme="B">and lutel serued <choice>
                            <orig>god</orig>
                            <reg>God</reg>
                        </choice> to pa&ydot;ȝ<metamark target="#meta0001"
                            function="verse-clarifiction" rend="wavy-line"/>
                            <ptr xml:id="biteme"/></l>
                    <l xml:id="bodllaudmisc108.6.7" rhyme="A">L<sg type="ln"/>o&rrot;en he haued þe
                        liues l&ydot;ȝt<pc>&punctelev;</pc></l>
                    <l xml:id="bodllaudmisc108.6.8" rhyme="B">þe go&slong;t was oute and
                        &slong;cholde awa&ydot;
                    <note type="pal" resp="#bioKL0001">In the first stanza the b-rhymes are
                        connected by wavy lines in brown ink (possibly by a later hand). This was
                        presumably to clarify the rhyme scheme.</note></l>
                </lg>
                <lg>
                    <l xml:id="bodllaudmisc108.6.9" rhyme="A">w<sg type="ln"/>an þe gost it scholde
                            go<pc>&punctelev;</pc></l>
                    <l xml:id="bodllaudmisc108.6.10" rhyme="B">&ydot;t bi<sg/>wente and
                        with<sg/>&slong;tod</l>
                    <l xml:id="bodllaudmisc108.6.11" rhyme="A"><choice>
                            <sic>b<sg type="ln"/>i<sg/>helod</sic>
                            <corr>biheold</corr>
                        </choice> the bod&ydot; þere it cam fro&punctelev;</l>
                    <l xml:id="bodllaudmisc108.6.12" rhyme="B">so &slong;erfulli with d&rrot;edli <choice>
                            <orig>Mod</orig>
                            <reg>mod</reg>
                        </choice></l>
                    <l xml:id="bodllaudmisc108.6.13" rhyme="A">I<sg type="ln"/>t &slong;eide weile
                        and walawo<pc>&punctelev;</pc></l>
                    <l xml:id="bodllaudmisc108.6.14" rhyme="B">wo wo&rrot;þe þi fle&ydot;s þi foule
                        blod</l>
                    <l xml:id="bodllaudmisc108.6.15" rhyme="A">w<sg type="ln"/>reche bodi wȝ&ydot;
                        listouȝ so<pc>&punctelev;</pc></l>
                    <l xml:id="bodllaudmisc108.6.16" rhyme="B">þat ȝwilene were &slong;o wilde and
                        wod
                <note type="enc" resp="#bioKL0001">The page appears to have been marked with the
                    double solidus for the rubricator to add pilcrows later. These are indicated in
                    anonymous blocks.</note></l>
                </lg>
                <ab rend="marginLeft">&dblsol;</ab>
                <lg>
                    <l xml:id="bodllaudmisc108.6.17" rhyme="A">Þ<sg type="ln"/>ow þat were woned to
                            ride<pc>&punctelev;</pc></l>
                    <l xml:id="bodllaudmisc108.6.18" rhyme="B">he&ydot;<unclear>ȝ</unclear>e on
                        ho&rrot;&slong;e in and out</l>
                    <l xml:id="bodllaudmisc108.6.19" rhyme="A">S<sg type="ln"/>o kowe&ydot;nte knit <choice>
                            <orig>I<sg/>kud</orig>
                            <reg>ikud</reg>
                        </choice> &slong;o wide<pc>&punctelev;</pc></l>
                    <l xml:id="bodllaudmisc108.6.20" rhyme="B">as a<sg> </sg>l&ydot;un fers and
                        p&rrot;oud</l>
                    <l xml:id="bodllaudmisc108.6.21" rhyme="A">Ȝ<sg type="ln"/>were is al þi <choice>
                            <orig>Michele</orig>
                            <reg>michele</reg>
                        </choice> p&rrot;ide<pc>&punctelev;</pc></l>
                    <l xml:id="bodllaudmisc108.6.22" rhyme="B">and þi lede þat was &slong;o loud</l>
                    <l xml:id="bodllaudmisc108.6.23" rhyme="A">Ȝ<sg type="ln"/>wi listou here
                        &slong;o bare<sg/>&slong;ide<pc>&punctelev;</pc></l>
                    <l xml:id="bodllaudmisc108.6.24" rhyme="B"><choice>
                            <orig>I<sg/>p&rrot;icked</orig>
                            <reg>ipricked</reg>
                        </choice> in þat po&rrot;e sch&rrot;oud</l>
                </lg>
                <ab rend="marginLeft">&dblsol;</ab>
                <lg>
                    <l xml:id="bodllaudmisc108.6.25" rhyme="A">Ȝ<sg type="ln"/>were beon þi
                        ca&slong;tles and þi toure&slong;<pc>&punctelev;</pc></l>
                    <l xml:id="bodllaudmisc108.6.26" rhyme="B">þi chaumb&rrot;e&slong; and þi riche
                            halle<add place="supralinear">s</add></l>
                    <l xml:id="bodllaudmisc108.6.27" rhyme="A">I<sg type="ln"/>pe&ydot;nted with
                        &slong;o riche floures<pc>&punctelev;</pc></l>
                    <l xml:id="bodllaudmisc108.6.28" rhyme="B">and þi riche robe&slong; alle</l>
                    <l xml:id="bodllaudmisc108.6.29" rhyme="A">Þ<sg type="ln"/>ine cowlte&slong; and
                        þi couertoure&slong;</l>
                    <l xml:id="bodllaudmisc108.6.30" rhyme="B">þi cendel&slong; and þi riche
                        palles</l>
                    <l xml:id="bodllaudmisc108.6.31" rhyme="A">W<sg type="ln"/>rechede it is nouȝ þi
                            bour<pc>&punctelev;</pc></l>
                    <l xml:id="bodllaudmisc108.6.32" rhyme="B"><choice>
                            <orig>to<sg/>Moruwe</orig>
                            <reg>tomoruwe</reg>
                        </choice> þouȝ schalt þer<sg/>inne falle</l>
                </lg>
                <ab rend="marginLeft">&dblsol;</ab>
                <lg>
                    <l xml:id="bodllaudmisc108.6.33" rhyme="A">Ȝ<sg type="ln"/>were ben þi <choice>
                            <sic>Murdli</sic>
                            <corr>wurdli</corr>
                        </choice> wede&slong;<pc>&punctelev;</pc></l>
                    <l xml:id="bodllaudmisc108.6.34" rhyme="B">þi &slong;omer&slong; with þi riche
                        bedde&slong;</l>
                    <l xml:id="bodllaudmisc108.6.35" rhyme="A">Þ<sg type="ln"/>i p&rrot;oude
                        palefre&ydot;&slong; and þi &slong;tede&slong;<pc>&punctelev;</pc></l>
                    <l xml:id="bodllaudmisc108.6.36" rhyme="B">þat þouȝ hadde&slong;t in
                        de&slong;ter ledde&slong;</l>
                    <l xml:id="bodllaudmisc108.6.37" rhyme="A">Þ<sg type="ln"/>i faucoun&slong; þat
                        were wont to grede<pc>&punctelev;</pc></l>
                    <l xml:id="bodllaudmisc108.6.38" rhyme="B">and þine hounde&slong; þat þou
                        ledde</l>
                    <l xml:id="bodllaudmisc108.6.39" rhyme="A">M<sg type="ln"/>e<sg/>þinkeþ <choice>
                            <orig>god</orig>
                            <reg>God</reg>
                        </choice> is þe to gnede<pc>&punctelev;</pc></l>
                    <l xml:id="bodllaudmisc108.6.40" rhyme="B">þat alle þine frend beon fro þe
                        fledde</l>
                </lg>
                <ab rend="marginLeft">&dblsol;</ab>
                <lg>
                    <l xml:id="bodllaudmisc108.6.41" rhyme="A">Ȝ<sg type="ln"/>were ben þine cokes
                            &slong;nelle<pc>&punctelev;</pc></l>
                    <l xml:id="bodllaudmisc108.6.42" rhyme="B">þat &slong;cholden gon greiþe þi <choice>
                            <orig>Mete</orig>
                            <reg>mete</reg>
                        </choice></l>
                    <l xml:id="bodllaudmisc108.6.43" rhyme="A">W<sg type="ln"/>ith spece&slong;
                        swete for to smelle<pc>&punctelev;</pc></l>
                    <l xml:id="bodllaudmisc108.6.44" rhyme="B">þat þouȝ neuere <choice>
                            <sic>werere</sic>
                            <corr>were</corr>
                        </choice> fol of frete</l>
                    <l xml:id="bodllaudmisc108.6.45" rhyme="A">T<sg type="ln"/>o do þat foule
                        fle&ydot;&slong; to suwelle<pc>&punctelev;</pc></l>
                    <l xml:id="bodllaudmisc108.6.46" rhyme="B">þat foule wo&rrot;me&slong; scholden
                        ete</l>
                    <l xml:id="bodllaudmisc108.6.47" rhyme="A">A<sg type="ln"/>nd þouȝ haue&slong;t
                        þe pine of helle<pc>&punctelev;</pc></l>
                    <l xml:id="bodllaudmisc108.6.48" rhyme="B">with gloton&ydot;e me bi<sg/>gete</l>
                </lg>
                <pb n="201r" facs="bau0417"/>
                <fw type="guideLetters" place="topCenter">10</fw>
                <fw type="fol" place="topCenter">201</fw>
                <cb n="1"/>
                <ab rend="marginLeft">&dblsol;</ab>
                <lg>
                    <l xml:id="bodllaudmisc108.6.49" rhyme="A">F<sg type="ln"/>or <choice>
                            <orig>god</orig>
                            <reg>God</reg>
                        </choice> &slong;chop þe aftir his &slong;chap<pc>&punctelev;</pc></l>
                    <l xml:id="bodllaudmisc108.6.50" rhyme="B">and gaf þe boþe w&ydot;t and
                        &slong;kil</l>
                    <l xml:id="bodllaudmisc108.6.51" rhyme="A">I<sg type="ln"/>n<sg
                            > </sg>þi<sg> </sg>loking wa&slong; ilaft<pc>&punctelev;</pc></l>
                    <l xml:id="bodllaudmisc108.6.52" rhyme="B">to wi&slong;&slong;e aftir
                            þin<sg> </sg>oune wil</l>
                    <l xml:id="bodllaudmisc108.6.53" rhyme="A">N<sg type="ln"/>e toc i<sg
                        > </sg>nevere w&ydot;che<sg/>craft<pc>&punctelev;</pc></l>
                    <l xml:id="bodllaudmisc108.6.54" rhyme="B">ne wi&slong;t i ȝwat wa&slong; guod
                        no&rrot; il</l>
                    <l xml:id="bodllaudmisc108.6.55" rhyme="A">B<sg type="ln"/>ute as a<sg
                        > </sg>wretche dumb and mad<pc>&punctelev;</pc></l>
                    <l xml:id="bodllaudmisc108.6.56" rhyme="B">bote a&slong; touȝ tauȝte&slong;t <choice>
                            <sic/>
                            <corr resp="#bioLinow0001">me</corr>
                        </choice> þer<sg/>til</l>
                </lg>
                <ab rend="marginLeft">&dblsol;</ab>
                <lg>
                    <l xml:id="bodllaudmisc108.6.57" rhyme="A">S<sg type="ln"/>et to &slong;eruen þe
                        to queme<pc>&punctelev;</pc></l>
                    <l xml:id="bodllaudmisc108.6.58" rhyme="B">boþe at even and
                        a<sg/>mo&rrot;uen</l>
                    <l xml:id="bodllaudmisc108.6.59" rhyme="A">S<sg type="ln"/>iþin i was þe
                        bi<sg/>tauȝt to ȝeme<pc>&punctelev;</pc></l>
                    <l xml:id="bodllaudmisc108.6.60" rhyme="B">fro þe time þat þouȝ was
                        bo&rrot;n</l>
                    <l xml:id="bodllaudmisc108.6.61" rhyme="A">Þ<sg type="ln"/>ouȝ þat dede&slong;
                        couþe&slong;t deme<pc>&punctelev;</pc></l>
                    <l xml:id="bodllaudmisc108.6.62" rhyme="B">&slong;cholde&slong;t habbe be war
                        bifo&rrot;n</l>
                    <l xml:id="bodllaudmisc108.6.63" rhyme="A">O<sg type="ln"/>f mi fol&ydot;e
                        a&slong; it semet<pc>&punctelev;</pc></l>
                    <l xml:id="bodllaudmisc108.6.64" rhyme="B">nouȝ wiþ þiselue thouȝ art
                        fo&rrot;<sg/>lo&rrot;n</l>
                </lg>
                <ab rend="marginLeft"><unclear>&dblsol;</unclear></ab>
                <lg>
                    <l xml:id="bodllaudmisc108.6.65" rhyme="A">Þ<sg type="ln"/>e ga&slong;t it
                        se&ydot;de bodi be &slong;tille<pc>&punctelev;</pc></l>
                    <l xml:id="bodllaudmisc108.6.66" rhyme="B">ȝwo haþ lered þe al þis wite</l>
                    <l xml:id="bodllaudmisc108.6.67" rhyme="A">Þ<sg type="ln"/>at giue&slong;t me
                        þe&slong;e wo&rrot;de&slong; grille<pc>&punctelev;</pc></l>
                    <l xml:id="bodllaudmisc108.6.68" rhyme="B">þat li&slong;t þer bollen a&slong; a
                        bite</l>
                    <l xml:id="bodllaudmisc108.6.69" rhyme="A">W<sg type="ln"/>ene&slong;touȝ
                        wretche þor þouȝ fille<pc>&punctelev;</pc></l>
                    <l xml:id="bodllaudmisc108.6.70" rhyme="B">wid þi foule fleich&slong;
                        a<sg/>pite</l>
                    <l xml:id="bodllaudmisc108.6.71" rhyme="A">O<sg type="ln"/>f alle dedes thouȝ
                        dide&slong;t ille<pc>&punctelev;</pc></l>
                    <l xml:id="bodllaudmisc108.6.72" rhyme="B">þat þouȝ &slong;o<sg> </sg>litel
                        &slong;chalt be quite</l>
                </lg>
                <ab rend="marginLeft">&dblsol;</ab>
                <lg>
                    <l xml:id="bodllaudmisc108.6.73" rhyme="A">W<sg type="ln"/>ene&slong;tou nou
                        gete þe griþ<pc>&punctelev;</pc></l>
                    <l xml:id="bodllaudmisc108.6.74" rhyme="B">þer þouȝ li&slong;t roten in þe
                        cla&ydot;</l>
                    <l xml:id="bodllaudmisc108.6.75" rhyme="A">Þ<sg type="ln"/>e&ydot; þouȝ be rotin
                        pile and pid<pc>&punctelev;</pc></l>
                    <l xml:id="bodllaudmisc108.6.76" rhyme="B">and blowen wiþ þe wind
                        a<sg/>wa&ydot;</l>
                    <l xml:id="bodllaudmisc108.6.77" rhyme="A">Ȝ<sg type="ln"/>eot &slong;chaltouȝ
                        come wiþ lime and l&ydot;þ<pc>&punctelev;</pc></l>
                    <l xml:id="bodllaudmisc108.6.78" rhyme="B">a<sg/>gein to me on
                        dome&slong;<sg/>da&ydot;</l>
                    <l xml:id="bodllaudmisc108.6.79" rhyme="A">A<sg type="ln"/>nd come to court and
                        i þe wiþ<pc>&punctelev;</pc></l>
                    <l xml:id="bodllaudmisc108.6.80" rhyme="B">fo&rrot; to kepen oure ha&rrot;de
                            pay<note type="pal" resp="#bioKL0001">Horstmann reads "ha" for the
                            slightly ill-formed first two letters of "harde", but the word may also
                            be read as "borde", which is perhaps likelier since the vowel is
                            followed by a round r.</note></l>
                </lg>
                <ab rend="marginLeft">&dblsol;</ab>
                <lg>
                    <l xml:id="bodllaudmisc108.6.81" rhyme="A">T<sg type="ln"/>o teche ȝwere þouȝ me
                            bi<sg/>tauȝt<pc>&punctelev;</pc></l>
                    <l xml:id="bodllaudmisc108.6.82" rhyme="B">ac ȝwan þouȝ þouȝte&slong;t of the
                        qued</l>
                    <l xml:id="bodllaudmisc108.6.83" rhyme="A">W<sg type="ln"/>iþ þi<sg> </sg>teþ
                            þe<sg> </sg>b&rrot;idel þouȝ lauȝt<pc>&punctelev;</pc></l>
                    <l xml:id="bodllaudmisc108.6.84" rhyme="B">þouȝ di&slong;t al þat i þe
                        fo&rrot;<sg/>bed</l>
                    <l xml:id="bodllaudmisc108.6.85" rhyme="A">T<sg type="ln"/>o &slong;unne and
                        &slong;chame it was þi d&rrot;auȝt<pc>&punctelev;</pc></l>
                    <l xml:id="bodllaudmisc108.6.86" rhyme="B">til vntid and til wikkede<sg/>hed</l>
                    <l xml:id="bodllaudmisc108.6.87" rhyme="A">I<sg type="ln"/>nouȝ i &slong;tod
                        a<sg/>ge&ydot;n and fauȝt<pc>&punctelev;</pc></l>
                    <l xml:id="bodllaudmisc108.6.88" rhyme="B">bot ai þouȝ nome þin oune red</l>
                </lg>
                <ab rend="marginLeft">&dblsol;</ab>
                <lg>
                    <l xml:id="bodllaudmisc108.6.89" rhyme="A">W<sg type="ln"/>an i þe wolde teme
                        and teche<pc>&punctelev;</pc></l>
                    <l xml:id="bodllaudmisc108.6.90" rhyme="B"><add place="supralinear">+</add><add
                            place="marginRight">+<lb/>ȝwat</add> was uuel and ȝwat was guod</l>
                    <l xml:id="bodllaudmisc108.6.91" rhyme="A">O<sg type="ln"/>f <choice>
                            <orig>cri&slong;t</orig>
                            <reg>Crist</reg>
                        </choice> ne kirke was no &slong;peche<pc>&punctelev;</pc></l>
                    <l xml:id="bodllaudmisc108.6.92" rhyme="B">bote renne aboute and b&rrot;e&ydot;d
                        wod</l>
                    <l xml:id="bodllaudmisc108.6.93" rhyme="A">I<sg type="ln"/>nouȝ i miȝte
                        p&rrot;e&ydot;e and p&rrot;eche<pc>&punctelev;</pc></l>
                    <l xml:id="bodllaudmisc108.6.94" rhyme="B">ne miȝte i nevere wende þi mod</l>
                    <l xml:id="bodllaudmisc108.6.95" rhyme="A">Þ<sg type="ln"/>at þouȝ wolde&slong;t <choice>
                            <orig>god</orig>
                            <reg>God</reg>
                        </choice> knouleche</l>
                    <l xml:id="bodllaudmisc108.6.96" rhyme="B">but don al þat þin herte <choice>
                            <sic/>
                            <corr resp="#bioLinow0001">to</corr>
                        </choice> &slong;tod</l>
                </lg>
                <ab rend="marginLeft">&dblsol;</ab>
                <lg>
                    <l xml:id="bodllaudmisc108.6.97" rhyme="A">I<sg type="ln"/> bad þe þenke on
                            soulenede<pc>&punctelev;</pc></l>
                    <l xml:id="bodllaudmisc108.6.98" rhyme="B"><choice>
                            <orig>Matine&slong;</orig>
                            <reg>matines</reg>
                        </choice> ma&slong;&slong;e and eue&slong;ong</l>
                    <l xml:id="bodllaudmisc108.6.99" rhyme="A">Þ<sg type="ln"/>ouȝ
                        mo&slong;ti&slong;t fir&slong;t don oþere dede<pc>&punctelev;</pc></l>
                    <l xml:id="bodllaudmisc108.6.100" rhyme="B">þou &slong;eidi&slong;t al was <choice>
                            <orig>Idel</orig>
                            <reg>idel</reg>
                        </choice>idel<sg> </sg>gong</l>
                    <l xml:id="bodllaudmisc108.6.101" rhyme="A">T<sg type="ln"/>o wode and water and
                        feld þouȝ ede&slong;t<pc>&punctelev;</pc></l>
                    <l xml:id="bodllaudmisc108.6.102" rhyme="B">o&rrot; to <choice>
                            <sic>cour</sic>
                            <corr>court</corr>
                        </choice> to do men wrong</l>
                    <l xml:id="bodllaudmisc108.6.103" rhyme="A">B<sg type="ln"/>ote fo&rrot;
                        p&rrot;ide o&rrot; gretto&rrot;e mede<pc>&punctelev;</pc></l>
                    <l xml:id="bodllaudmisc108.6.104" rhyme="B">lutel þouȝ du&slong;t guod
                        a<sg/>mong</l>
                </lg>
                <ab rend="marginLeft">&dblsol;</ab>
                <lg>
                    <l xml:id="bodllaudmisc108.6.105" rhyme="A">N<sg type="ln"/>ouȝ mouwe be wilde
                        be&slong;tes renne<pc>&punctelev;</pc></l>
                    <l xml:id="bodllaudmisc108.6.106" rhyme="B">and lien vnder linde and lef</l>
                    <l xml:id="bodllaudmisc108.6.107" rhyme="A">A<sg type="ln"/>nd foule&slong; flie
                        bi feld and fenne<pc>&punctelev;</pc></l>
                    <l xml:id="bodllaudmisc108.6.108" rhyme="B">siþin þi<sg> </sg>fal&slong;e herte
                        clef</l>
                    <l xml:id="bodllaudmisc108.6.109" rhyme="A">Þ<sg type="ln"/>ine eiȝene are
                        blinde and connen nouȝt kenne<pc>&punctelev;</pc></l>
                    <l xml:id="bodllaudmisc108.6.110" rhyme="B">þi<sg> </sg>mouth is <choice>
                            <orig>du<am>&combtilde;</am>b</orig>
                            <reg>du<ex>m</ex>b</reg>
                        </choice><pc>&middot;</pc>þin<sg> </sg>ere is def <note type="cod"
                            resp="#bioKL0001">A vertical ink stroke follows "def". It may only be a
                            stray mark, but it ma&ydot; also be evidence of the scribe's attempt to
                            ascertain the rhyme scheme.</note></l>
                    <l xml:id="bodllaudmisc108.6.111" rhyme="A">A<sg type="ln"/>nd nouȝ &slong;o
                        lodl&ydot; þouȝ li&slong;t grenne<pc>&punctelev;</pc></l>
                    <l xml:id="bodllaudmisc108.6.112" rhyme="B">fro þe comeþ a wikke wef</l>
                </lg>
                <ab rend="marginLeft">&dblsol;</ab>
                <lg>
                    <l xml:id="bodllaudmisc108.6.113" rhyme="A">N<sg type="ln"/>e ni&slong; no
                        leuedi b&rrot;iȝt on ble<pc>&punctelev;</pc></l>
                    <l xml:id="bodllaudmisc108.6.114" rhyme="B">þat wel weren <choice>
                            <orig>Iwoned</orig>
                            <reg>iwoned</reg>
                        </choice> of þe to lete</l>
                    <l xml:id="bodllaudmisc108.6.115" rhyme="A">Þ<sg type="ln"/>at wolde l&ydot;e
                        a<sg/>niȝth bi þe<pc>&punctelev;</pc></l>
                    <l xml:id="bodllaudmisc108.6.116" rhyme="B">fo&rrot; nouȝth but men miȝte hem
                        bi<sg/>hete</l>
                    <l xml:id="bodllaudmisc108.6.117" rhyme="A">Þ<sg type="ln"/>ouȝ art vnseml&ydot;
                        fo&rrot; to &slong;e<pc>&punctelev;</pc></l>
                    <l xml:id="bodllaudmisc108.6.118" rhyme="B">vncomli fo&rrot;<sg/>to
                        cu&slong;&slong;en &slong;uwete</l>
                    <l xml:id="bodllaudmisc108.6.119" rhyme="A">Þ<sg type="ln"/>ouȝ ne haue&slong;t
                        frend þat ne wolde fle<pc>&punctelev;</pc></l>
                    <l xml:id="bodllaudmisc108.6.120" rhyme="B">Come þouȝ &slong;t<unclear
                            reason="ill-formed">er</unclear>tlinde <choice>
                            <orig>i<am>&combtilde;</am></orig>
                            <reg>i<ex>n</ex></reg>
                        </choice> þe &slong;trete</l>
                </lg>
                <pb n="201v" facs="bau0418"/>
                <cb n="1"/>
                <ab rend="marginLeft">&dblsol;</ab>
                <lg>
                    <l xml:id="bodllaudmisc108.6.121" rhyme="A">Þ<sg type="ln"/>e bodi it
                        &slong;eide ic &slong;e&ydot;ȝe<pc>&punctelev;</pc></l>
                    <l xml:id="bodllaudmisc108.6.122" rhyme="B">ga<unclear reason="ill-formed"
                            >&slong;</unclear>t þouȝ ha&slong;t wrong i<sg/>w&ydot;s</l>
                    <l xml:id="bodllaudmisc108.6.123" rhyme="A">A<sg type="ln"/>l þe w&ydot;t on me
                        to le&ydot;e<pc>&punctelev;</pc></l>
                    <l xml:id="bodllaudmisc108.6.124" rhyme="B">þat þouȝ ha&slong;t lo&rrot;n þi
                        mikil blis</l>
                    <l xml:id="bodllaudmisc108.6.125" rhyme="A">W<sg type="ln"/>ere wa&slong; i bi
                        wode o&rrot; we&ydot;ȝe<pc>&punctelev;</pc></l>
                    <l xml:id="bodllaudmisc108.6.126" rhyme="B">sat o&rrot; &slong;tud o&rrot; dide
                        ouȝt <choice>
                            <orig>M&ydot;s</orig>
                            <reg>m&ydot;s</reg>
                        </choice></l>
                    <l xml:id="bodllaudmisc108.6.127" rhyme="A">Þ<sg type="ln"/>at i ne wa&slong;
                        a&ydot; vnder þin e&ydot;ȝe<pc>&punctelev;</pc></l>
                    <l xml:id="bodllaudmisc108.6.128" rhyme="B">wel þouȝ wo&slong;t þat soth it
                        &ydot;s</l>
                </lg>
                <ab rend="marginLeft">&dblsol;</ab>
                <lg>
                    <l xml:id="bodllaudmisc108.6.129" rhyme="A">W<sg type="ln"/>edir i<choice>
                            <orig><add place="inline">|</add></orig>
                            <reg> </reg>
                        </choice>ede vp o&rrot; doun<pc>&punctelev;</pc></l>
                    <l xml:id="bodllaudmisc108.6.130" rhyme="B">þat i ne bar þe on m&ydot; bac</l>
                    <l xml:id="bodllaudmisc108.6.131" rhyme="A">A<sg type="ln"/>ls þin as fro toun
                        to toun<pc>&punctelev;</pc></l>
                    <l xml:id="bodllaudmisc108.6.132" rhyme="B">als<sg> </sg>&slong;e þouȝ me lete
                        have rap and rac</l>
                    <l xml:id="bodllaudmisc108.6.133" rhyme="A">Þ<sg type="ln"/>at tou ne were and
                        red roun<pc>&punctelev;</pc></l>
                    <l xml:id="bodllaudmisc108.6.134" rhyme="B">neuere did<sg> </sg>i þing ne
                        &slong;pac</l>
                    <l xml:id="bodllaudmisc108.6.135" rhyme="A">H<sg type="ln"/>ere þe &slong;oþe
                        &slong;e men <choice>
                            <orig>Mouen</orig>
                            <reg>mouen</reg>
                        </choice><pc>&punctelev;</pc></l>
                    <l xml:id="bodllaudmisc108.6.136" rhyme="B">on me þat ligge here &slong;o blo
                        and blac</l>
                </lg>
                <ab rend="marginLeft">&dblsol;</ab>
                <lg>
                    <l xml:id="bodllaudmisc108.6.137" rhyme="A">F<sg type="ln"/>o&rrot; al be wile
                        þouȝ were mi fere<pc>&punctelev;</pc></l>
                    <l xml:id="bodllaudmisc108.6.138" rhyme="B">I hadde al þat me was ned</l>
                    <l xml:id="bodllaudmisc108.6.139" rhyme="A">I<sg type="ln"/> miȝte &slong;peke
                        se and here<pc>&punctelev;</pc></l>
                    <l xml:id="bodllaudmisc108.6.140" rhyme="B">I ede and rod and d&rrot;ank and
                        et</l>
                    <l xml:id="bodllaudmisc108.6.141" rhyme="A">L<sg type="ln"/>odli chaunched is
                        m&ydot; chere<pc>&punctelev;</pc></l>
                    <l xml:id="bodllaudmisc108.6.142" rhyme="B">sin þe t&ydot;me þat þouȝ me let</l>
                    <l xml:id="bodllaudmisc108.6.143" rhyme="A">D<sg type="ln"/>ef and dumb
                            i<sg> </sg>ligge on bere<pc>&punctelev;</pc></l>
                    <l xml:id="bodllaudmisc108.6.144" rhyme="B">þat i ne ma&ydot; &slong;terin hand
                        ne fet</l>
                </lg>
                <ab rend="marginLeft">&dblsol;</ab>
                <lg>
                    <l xml:id="bodllaudmisc108.6.145" rhyme="A">I<sg type="ln"/> &slong;cholde have
                        ben dumb as a schep<pc>&punctelev;</pc></l>
                    <l xml:id="bodllaudmisc108.6.146" rhyme="B">or as is nouwe o&rrot; as a
                        su&ydot;n</l>
                    <l xml:id="bodllaudmisc108.6.147" rhyme="A">Þ<sg type="ln"/>at et and d&rrot;ank
                        and lei <choice>
                            <sic>ad<add place="supralinear">n</add></sic>
                            <corr>and</corr>
                        </choice>and slep<pc>&punctelev;</pc></l>
                    <l xml:id="bodllaudmisc108.6.148" rhyme="B">sla&ydot;n and pa&slong;&slong;id al
                        his pin</l>
                    <l xml:id="bodllaudmisc108.6.149" rhyme="A">N<sg type="ln"/>euere of catel he ne
                            kep<pc>&punctelev;</pc></l>
                    <l xml:id="bodllaudmisc108.6.150" rhyme="B">ne w&ydot;&slong;te wat was water ne
                        w&ydot;n</l>
                    <l xml:id="bodllaudmisc108.6.151" rhyme="A">N<sg type="ln"/>e le&ydot;n in helle
                        þat is &slong;o dep<pc>&punctelev;</pc></l>
                    <l xml:id="bodllaudmisc108.6.152" rhyme="B">neuere ne wi&slong;t i of al þat al
                            was<sg> </sg>tin</l>
                </lg>
                <ab rend="marginLeft">&dblsol;</ab>
                <lg>
                    <l xml:id="bodllaudmisc108.6.153" rhyme="A">Þ<sg type="ln"/>e ga&slong;t &ydot;t
                        &slong;eide is no doute<pc>&punctelev;</pc></l>
                    <l xml:id="bodllaudmisc108.6.154" rhyme="B">abouten bodi þouȝ me bar</l>
                    <l xml:id="bodllaudmisc108.6.155" rhyme="A">Þ<sg type="ln"/>ou
                        mo&slong;ti&slong;t nede i was wiþ<sg/>oute<pc>&punctelev;</pc></l>
                    <l xml:id="bodllaudmisc108.6.156" rhyme="B">hand and fot i was wel war</l>
                    <l xml:id="bodllaudmisc108.6.157" rhyme="A">B<sg type="ln"/>ute as tou bere me
                            aboute<pc>&punctelev;</pc></l>
                    <l xml:id="bodllaudmisc108.6.158" rhyme="B">ne miȝt i do be le&slong;te char</l>
                    <l xml:id="bodllaudmisc108.6.159" rhyme="A">Þ<sg type="ln"/>o&rrot;fo&rrot;e
                        mo&slong;t i nede loute<pc>&punctelev;</pc></l>
                    <l xml:id="bodllaudmisc108.6.160" rhyme="B">so doth þat non oþer dar</l>
                </lg>
                <ab rend="marginLeft">&dblsol;</ab>
                <lg>
                    <l xml:id="bodllaudmisc108.6.161" rhyme="A">O<sg type="ln"/>f o w&ydot;mman
                        bo&rrot;n and b&rrot;edde<pc>&punctelev;</pc><note type="pal"
                            resp="#bioKL0001">The initial "O" resembles a capital "M", which may be
                            a slip or an indication that the scribe began writing something
                            else.</note></l>
                    <l xml:id="bodllaudmisc108.6.162" rhyme="B">bod&ydot; were we boþe tvo</l>
                    <l xml:id="bodllaudmisc108.6.163" rhyme="A">T<sg type="ln"/>o<sg/>gid&rrot;e
                        fo&slong;trid fa&ydot;re and fedde<pc>&punctelev;</pc></l>
                    <l xml:id="bodllaudmisc108.6.164" rhyme="B">til þou couþi&slong;t &slong;speke
                        and go</l>
                    <l xml:id="bodllaudmisc108.6.165" rhyme="A">S<sg type="ln"/>ofte þe fo&rrot;
                        loue i<sg> </sg>ledde<pc>&punctelev;</pc></l>
                    <l xml:id="bodllaudmisc108.6.166" rhyme="B">ne do&rrot;&slong;t i neuere do þe
                        wo</l>
                    <l xml:id="bodllaudmisc108.6.167" rhyme="A">T<sg type="ln"/>o le&slong;e þe so
                        &slong;o&rrot;e i d&rrot;edde<pc>&punctelev;</pc></l>
                    <l xml:id="bodllaudmisc108.6.168" rhyme="B">and wel i wi&slong;te to getin
                        namo</l>
                </lg>
                <ab rend="marginLeft">&dblsol;</ab>
                <lg>
                    <l xml:id="bodllaudmisc108.6.169" rhyme="A">F<sg type="ln"/>o&rrot; me þou
                        wolde&slong;t &slong;umwat do<pc>&punctelev;</pc></l>
                    <l xml:id="bodllaudmisc108.6.170" rhyme="B">wȝile þou were ȝong a litil
                        fir&slong;t</l>
                    <l xml:id="bodllaudmisc108.6.171" rhyme="A">F<sg type="ln"/>o&rrot;
                        frende&slong; e&ydot;ȝe þat þe &slong;tod to<pc>&punctelev;</pc></l>
                    <l xml:id="bodllaudmisc108.6.172" rhyme="B">þe wile þou were betin and
                        bir&slong;t</l>
                    <l xml:id="bodllaudmisc108.6.173" rhyme="A">O<sg type="ln"/>c wan þouȝ were
                        þriuen and þro<pc>&punctelev;</pc></l>
                    <l xml:id="bodllaudmisc108.6.174" rhyme="B">and knewe honger cold and
                            uir&slong;t<note type="text" resp="#bioKL0001">Read "þirst"?</note></l>
                    <l xml:id="bodllaudmisc108.6.175" rhyme="A">A<sg type="ln"/>nd ȝhwilk was
                        e&ydot;&slong;e re&slong;t and ro<pc>&punctelev;</pc></l>
                    <l xml:id="bodllaudmisc108.6.176" rhyme="B">al þin oune wil þou di&slong;t</l>
                </lg>
                <ab rend="marginLeft">&dblsol;</ab>
                <lg>
                    <l xml:id="bodllaudmisc108.6.177" rhyme="A">I<sg type="ln"/> sau þe fair on
                        fle&ydot;ch&slong; and blod<pc>&punctelev;</pc></l>
                    <l xml:id="bodllaudmisc108.6.178" rhyme="B">and al mi loue on þe i
                        ke&slong;t</l>
                    <l xml:id="bodllaudmisc108.6.179" rhyme="A">Þ<sg type="ln"/>at þou þrive me
                        þouȝte guod<pc>&punctelev;</pc></l>
                    <l xml:id="bodllaudmisc108.6.180" rhyme="B">And let þe hauen ro and
                        re&slong;t</l>
                    <l xml:id="bodllaudmisc108.6.181" rhyme="A">Þ<sg type="ln"/>at made þe &slong;o
                        &slong;turne of mod<pc>&punctelev;</pc></l>
                    <l xml:id="bodllaudmisc108.6.182" rhyme="B">and of werke&slong; so
                        vn<sg/>wre&slong;t</l>
                    <l xml:id="bodllaudmisc108.6.183" rhyme="A">T<sg type="ln"/>o fiȝte with þe ne
                        was no bot<pc>&punctelev;</pc></l>
                    <l xml:id="bodllaudmisc108.6.184" rhyme="B"><choice>
                            <orig>Me</orig>
                            <reg>me</reg>
                        </choice> þat þouȝ bar in þi b&rrot;e&slong;t</l>
                </lg>
                <ab rend="marginLeft">&dblsol;</ab>
                <lg>
                    <l xml:id="bodllaudmisc108.6.185" rhyme="A"><choice>
                            <sic>G<sg type="ln"/>loterie</sic>
                            <corr>Glotenie</corr>
                        </choice> and lecherie<pc>&punctelev;</pc></l>
                    <l xml:id="bodllaudmisc108.6.186" rhyme="B">p&rrot;ude and wicke
                        coue&ydot;ti&slong;e</l>
                    <l xml:id="bodllaudmisc108.6.187" rhyme="A">N<sg type="ln"/>iþe and onde and
                            enuie<pc>&punctelev;</pc></l>
                    <l xml:id="bodllaudmisc108.6.188" rhyme="B">to <choice>
                            <orig>god</orig>
                            <reg>God</reg>
                        </choice> of heuene and alle hi&slong;e</l>
                    <l xml:id="bodllaudmisc108.6.189" rhyme="A">A<sg type="ln"/>nd in vnlu&slong;t
                        fo&rrot;<sg/>to l&ydot;e<pc>&punctelev;</pc></l>
                    <l xml:id="bodllaudmisc108.6.190" rhyme="B">wa&slong;<sg> </sg>te wane in al
                            þi&slong;e<note type="pal" resp="#bioKL0001">The first letter looks like
                            "þise", as Garner reads. However, Linow interprets the word as "wise".
                            The initial letter could be a remnant of a wynn in an
                        exemplar.</note></l>
                    <l xml:id="bodllaudmisc108.6.191" rhyme="A">T<sg type="ln"/>hat i &slong;chal
                        nouȝ ful dere ab&ydot;e<pc>&punctelev;</pc></l>
                    <l xml:id="bodllaudmisc108.6.192" rhyme="B">A we&ydot;le &slong;o&rrot;e
                        ma&ydot; me gri&slong;e</l>
                </lg>
                <pb n="202r" facs="bau0419"/>
                <fw type="guideLetters" place="topCenter">10</fw>
                <fw type="fol" place="topRight">202</fw>
                <cb n="1"/>
                <ab rend="marginLeft">&dblsol;</ab>
                <lg>
                    <l xml:id="bodllaudmisc108.6.193" rhyme="A">Þ<sg type="ln"/>ou wa&slong; warned
                        her bi<sg/>fo&rrot;e<pc>&punctelev;</pc></l>
                    <l xml:id="bodllaudmisc108.6.194" rhyme="B">ȝwat <choice>
                            <sic/>
                            <corr>we</corr>
                        </choice> boþe &slong;cholden haue<note type="text">The deleted "we" in the
                            next line suggest that the word was in the scribe's exemplar.</note></l>
                    <l xml:id="bodllaudmisc108.6.195" rhyme="A">I<sg type="ln"/>del tale held tou
                        þat þo&rrot;e<pc>&punctelev;</pc></l>
                    <l xml:id="bodllaudmisc108.6.196" rhyme="B"><choice>
                            <sic/>
                            <corr resp="#bioLinow0001">Þoȝ</corr>
                        </choice> þou &slong;auȝ fele bi dun in graue</l>
                    <l xml:id="bodllaudmisc108.6.197" rhyme="A">Þ<sg type="ln"/>ou di&slong;t <space
                            quantity="2" unit="letters"/> al þat þe werld þe
                            bad<pc>&punctelev;</pc><note type="cod">The space is possibly; an
                            erasure which was not overwritten, but no text is detectable
                        now.</note></l>
                    <l xml:id="bodllaudmisc108.6.198" rhyme="B">and þat þi fle&ydot;s þe wolde
                        craue</l>
                    <l xml:id="bodllaudmisc108.6.199" rhyme="A">I<sg type="ln"/> þolede þe and <choice>
                            <sic/>
                            <corr resp="#bioLinow0001">dude</corr>
                        </choice> as mad<pc>&punctelev;</pc></l>
                    <l xml:id="bodllaudmisc108.6.200" rhyme="B">to be mai&slong;ter and i þi
                        cnaue</l>
                </lg>
                <ab rend="marginLeft">&dblsol;</ab>
                <lg>
                    <l xml:id="bodllaudmisc108.6.201" rhyme="A">I<sg type="ln"/>wene&slong;te þouȝ
                        go&slong;t þe ge&ydot;ned out<pc>&punctelev;</pc></l>
                    <l xml:id="bodllaudmisc108.6.202" rhyme="B">fo&rrot;<sg/>to quite þe wiþ al</l>
                    <l xml:id="bodllaudmisc108.6.203" rhyme="A">Þ<sg type="ln"/>ouȝ þat was &slong;o
                        wo&rrot;dl&ydot; wrouȝt<pc>&punctelev;</pc></l>
                    <l xml:id="bodllaudmisc108.6.204" rhyme="B">to &slong;e&ydot;e i made þe m&ydot;
                        þ&rrot;al</l>
                    <l xml:id="bodllaudmisc108.6.205" rhyme="A">D<sg type="ln"/>ud<sg> </sg>i neuere
                        on liue nouȝt<pc>&punctelev;</pc></l>
                    <l xml:id="bodllaudmisc108.6.206" rhyme="B">I ne rafte ne i ne &slong;tal</l>
                    <l xml:id="bodllaudmisc108.6.207" rhyme="A">Þ<sg type="ln"/>at fur&slong;t of þe
                        ne kam þe þouȝt<pc>&punctelev;</pc></l>
                    <l xml:id="bodllaudmisc108.6.208" rhyme="B">Ab&ydot;<sg> </sg>&ydot;t þat
                        ab&ydot;ȝe schal</l>
                </lg>
                <ab rend="marginLeft">&dblsol;</ab>
                <lg>
                    <l xml:id="bodllaudmisc108.6.209" rhyme="A">Ȝ<sg type="ln"/>wat
                            wi&slong;t<sg> </sg>i wat wa&slong; wrong<pc>&punctelev;</pc> o&rrot;
                            rith<note type="text" resp="#bioKL0001"> The scribe misplaces the
                            punctus elevatus after "wrong". Given the rhyme scheme, the line
                            correctly ends after "or rith".</note></l>
                    <l xml:id="bodllaudmisc108.6.210" rhyme="B">wWat to take o&rrot; ȝwat to
                        schone</l>
                    <l xml:id="bodllaudmisc108.6.211" rhyme="A">B<sg type="ln"/>ote þat þouȝ
                        potti&slong;t in mi &slong;iȝth<pc>&punctelev;</pc></l>
                    <l xml:id="bodllaudmisc108.6.212" rhyme="B">þat al þe wi&slong;dom
                        scholde&slong;t cone</l>
                    <l xml:id="bodllaudmisc108.6.213" rhyme="A">Ȝ<sg type="ln"/>wanne þouȝ me
                        tauȝti&slong;t on vntiȝth<pc>&punctelev;</pc></l>
                    <l xml:id="bodllaudmisc108.6.214" rhyme="B"><choice>
                            <orig>An</orig>
                            <reg>an</reg>
                        </choice> me gan þer<sg/>offe mone</l>
                    <l xml:id="bodllaudmisc108.6.215" rhyme="A">Þ<sg type="ln"/>anne dud i al
                        m&ydot; miȝth<pc>&punctelev;</pc></l>
                    <l xml:id="bodllaudmisc108.6.216" rhyme="B"><choice>
                            <orig>Anoþer</orig>
                            <reg>anoþer</reg>
                        </choice> time to have m&ydot; wone</l>
                </lg>
                <ab rend="marginLeft">&dblsol;</ab>
                <lg>
                    <l xml:id="bodllaudmisc108.6.217" rhyme="A">O<sg type="ln"/>c haddi&slong;t þouȝ
                        þat <choice>
                            <orig>cri&slong;t</orig>
                            <reg>Crist</reg>
                        </choice> it<sg> </sg>ovþe<pc>&punctelev;</pc></l>
                    <l xml:id="bodllaudmisc108.6.218" rhyme="B">giuen me hunger uur&slong;t and
                        cold</l>
                    <l xml:id="bodllaudmisc108.6.219" rhyme="A">A<sg type="ln"/>nd þouȝ wite&slong;t
                        me þat no guod couþe<pc>&punctelev;</pc></l>
                    <l xml:id="bodllaudmisc108.6.220" rhyme="B">In bismere ȝwan i was &slong;o
                        bold</l>
                    <l xml:id="bodllaudmisc108.6.221" rhyme="A">Þ<sg type="ln"/>at i hadde
                        vnder<sg/>nomen in ȝouþe</l>
                    <l xml:id="bodllaudmisc108.6.222" rhyme="B">I hauede holden old</l>
                    <l xml:id="bodllaudmisc108.6.223" rhyme="A">Þ<sg type="ln"/>ou<sg> </sg>let me
                        rek&ydot;n no&rrot;th and &slong;outh<pc>&punctelev;</pc></l>
                    <l xml:id="bodllaudmisc108.6.224" rhyme="B">and hauen al m&ydot; wille on
                        wold</l>
                </lg>
                <ab rend="marginLeft">&dblsol;</ab>
                <lg>
                    <l xml:id="bodllaudmisc108.6.225" rhyme="A">Þ<sg type="ln"/>ouȝ
                        &slong;choldi&slong;t fo&rrot; no lif ne fo&rrot;
                        lond<pc>&punctelev;</pc></l>
                    <l xml:id="bodllaudmisc108.6.226" rhyme="B">ne fo&rrot; non oþer wo&rrot;ldes
                        winne</l>
                    <l xml:id="bodllaudmisc108.6.227" rhyme="A">H<sg type="ln"/>aue &slong;offrid me
                        to lein on hond<pc>&punctelev;</pc></l>
                    <l xml:id="bodllaudmisc108.6.228" rhyme="B">þat hauede to&rrot;nd to
                        &slong;chame o&rrot; &slong;unne</l>
                    <l xml:id="bodllaudmisc108.6.229" rhyme="A">O<sg type="ln"/>c fo&rrot; i be
                        &slong;o ei&slong;e fond<pc>&punctelev;</pc></l>
                    <l xml:id="bodllaudmisc108.6.230" rhyme="B"><choice>
                            <orig>And</orig>
                            <reg>and</reg>
                        </choice> þi wretche wit so þunne</l>
                    <l xml:id="bodllaudmisc108.6.231" rhyme="A">Þ<sg type="ln"/>at a&ydot; was
                        wriþinde as a wond<pc>&punctelev;</pc></l>
                    <l xml:id="bodllaudmisc108.6.232" rhyme="B"><choice>
                            <sic>þe<sg/>fo&rrot;e</sic>
                            <corr>þerfo&rrot;e</corr>
                        </choice> couþe i neuere blinne</l>
                </lg>
                <ab rend="marginLeft">&dblsol;</ab>
                <lg>
                    <l xml:id="bodllaudmisc108.6.233" rhyme="A">T<sg type="ln"/>o &slong;unne þouȝ
                        wi&slong;ti&slong;t was m&ydot; kinde<pc>&punctelev;</pc></l>
                    <l xml:id="bodllaudmisc108.6.234" rhyme="B">as <choice>
                            <orig>Mankinne</orig>
                            <reg>mankinne</reg>
                        </choice> it is al<sg/>so</l>
                    <l xml:id="bodllaudmisc108.6.235" rhyme="A">A<sg type="ln"/>nd to þe wretche
                            <space quantity="4" unit="letters"/>wo&rrot;ld so <choice>
                            <orig>Minde</orig>
                            <reg>minde</reg>
                        </choice></l>
                    <l xml:id="bodllaudmisc108.6.236" rhyme="B">and to þe fend that is o&rrot;e
                        fo</l>
                    <l xml:id="bodllaudmisc108.6.237" rhyme="A">Þ<sg type="ln"/>ouȝ
                        &slong;cholde&slong;t er haue late me binde<pc>&punctelev;</pc></l>
                    <l xml:id="bodllaudmisc108.6.238" rhyme="B">wan i mi&slong;dede and don me
                        wo</l>
                    <l xml:id="bodllaudmisc108.6.239" rhyme="A">A<sg type="ln"/>c ȝwanne þe blinde
                        lat þe blinde<pc>&punctelev;</pc></l>
                    <l xml:id="bodllaudmisc108.6.240" rhyme="B"><choice>
                            <orig>In</orig>
                            <reg>in</reg>
                        </choice> dike he fallen boþe two</l>
                </lg>
                <ab rend="marginLeft">&dblsol;</ab>
                <lg>
                    <l xml:id="bodllaudmisc108.6.241" rhyme="A">Þ<sg type="ln"/>o bigan þe
                        go&slong;t to wepe<pc>&punctelev;</pc></l>
                    <l xml:id="bodllaudmisc108.6.242" rhyme="B"><choice>
                            <sic>An</sic>
                            <corr>and</corr>
                        </choice> &slong;eide bodi allas allas</l>
                    <l xml:id="bodllaudmisc108.6.243" rhyme="A">Þ<sg type="ln"/>at i þe louede
                            euere<sg> </sg>ȝete</l>
                    <l xml:id="bodllaudmisc108.6.244" rhyme="B">fo&rrot; al mi loue on þe i las</l>
                    <l xml:id="bodllaudmisc108.6.245" rhyme="A">Þ<sg type="ln"/>at tou
                        louede&slong;t me þouȝ <choice>
                            <sic>le</sic>
                            <corr>lete</corr>
                        </choice><pc>&punctelev;</pc></l>
                    <l xml:id="bodllaudmisc108.6.246" rhyme="B">and made&slong;t me an houue of
                        glas</l>
                    <l xml:id="bodllaudmisc108.6.247" rhyme="A">I<sg type="ln"/> dide al þat þe was
                            sete<pc>&punctelev;</pc></l>
                    <l xml:id="bodllaudmisc108.6.248" rhyme="B">and þouȝ m&ydot; tra&ydot;to&rrot;
                        euere was</l>
                </lg>
                <ab rend="marginLeft">&dblsol;</ab>
                <lg>
                    <l xml:id="bodllaudmisc108.6.249" rhyme="A">h<sg type="ln"/>o ma&ydot; mo&rrot;E
                        tra&ydot;&slong;on do<pc>&punctelev;</pc></l>
                    <l xml:id="bodllaudmisc108.6.250" rhyme="B">o&rrot; is louerd betere engine</l>
                    <l xml:id="bodllaudmisc108.6.251" rhyme="A">þ<sg type="ln"/>an he þat al is
                        tri&slong;t i&slong; to<pc>&punctelev;</pc></l>
                    <l xml:id="bodllaudmisc108.6.252" rhyme="B">In and ouȝt a&slong; ovne
                        h&ydot;n</l>
                    <l xml:id="bodllaudmisc108.6.253" rhyme="A">a<sg type="ln"/>&ydot; &slong;eþþe
                        þouȝ was þ&rrot;iuen and þ&rrot;o<pc>&punctelev;</pc></l>
                    <l xml:id="bodllaudmisc108.6.254" rhyme="B"><choice>
                            <orig>Mitti&slong;</orig>
                            <reg>mittis</reg>
                        </choice> dedi alle <choice>
                            <orig>Mine</orig>
                            <reg>mine</reg>
                        </choice></l>
                    <l xml:id="bodllaudmisc108.6.255" rhyme="A">T<sg type="ln"/>o po&rrot;ueȝe þe
                        re&slong; and ro<pc>&punctelev;</pc></l>
                    <l xml:id="bodllaudmisc108.6.256" rhyme="B"><choice>
                            <orig>And</orig>
                            <reg>and</reg>
                        </choice> þouȝ to b&rrot;inge me in pine</l>
                </lg>
                <ab rend="marginLeft">&dblsol;</ab>
                <lg>
                    <l xml:id="bodllaudmisc108.6.257" rhyme="A">Þ<sg type="ln"/>e fend of helle þat
                        haueþ enuiȝe<pc>&punctelev;</pc></l>
                    <l xml:id="bodllaudmisc108.6.258" rhyme="B">To mankune and<sg> </sg>euere haþ
                        had</l>
                    <l xml:id="bodllaudmisc108.6.259" rhyme="A">W<sg type="ln"/>a&slong; in v&slong;
                        a&slong; a &slong;pie<pc>&punctelev;</pc></l>
                    <l xml:id="bodllaudmisc108.6.260" rhyme="B">To do &slong;um god ȝwan i þe
                        bad</l>
                    <l xml:id="bodllaudmisc108.6.261" rhyme="A">Þ<sg type="ln"/>e werld he toc to
                            cumpa&ydot;niȝe<pc>&punctelev;</pc></l>
                    <l xml:id="bodllaudmisc108.6.262" rhyme="B">þat mani a<sg> </sg>&slong;oule
                        haued fo&rrot;<sg/>rad</l>
                    <pb n="202v" facs="bau0420"/>
                    <fw type="guideLetters" place="topCenter">10</fw>
                    <cb n="1"/>
                    <l xml:id="bodllaudmisc108.6.263" rhyme="A">Þ<sg type="ln"/>e&ydot; þ&rrot;e
                        wi&slong;ten þi fol&ydot;e<pc>&punctelev;</pc></l>
                    <l xml:id="bodllaudmisc108.6.264" rhyme="B"><choice>
                            <orig>And</orig>
                            <reg>and</reg>
                        </choice> madin wretche þe al mad</l>
                </lg>
                <ab rend="marginLeft">&dblsol;</ab>
                <lg>
                    <l xml:id="bodllaudmisc108.6.265" rhyme="A">Ȝ<sg type="ln"/>wan i<sg> </sg>bad
                        þe re&slong;te take<pc>&punctelev;</pc></l>
                    <l xml:id="bodllaudmisc108.6.266" rhyme="B">fo&rrot;<sg/>&slong;ake &slong;unne
                        a&ydot; and oo</l>
                    <l xml:id="bodllaudmisc108.6.267" rhyme="A">D<sg type="ln"/>o
                            penaunce<pc>&middot;</pc>fa&slong;te<pc>&middot;</pc>and
                            wake<pc>&punctelev;</pc></l>
                    <l xml:id="bodllaudmisc108.6.268" rhyme="B">þe <choice>
                            <sic>fe</sic>
                            <corr>fend</corr>
                        </choice> &slong;eide þouȝ schalt nouȝt so</l>
                    <l xml:id="bodllaudmisc108.6.269" rhyme="A">Þ<sg type="ln"/>o&slong; &slong;one
                        al þi bli&slong;&slong;e fo&rrot;<sg/>&slong;ake<pc>&punctelev;</pc></l>
                    <l xml:id="bodllaudmisc108.6.270" rhyme="B">To liuen a&ydot; in pine and wo</l>
                    <l xml:id="bodllaudmisc108.6.271" rhyme="A">I<sg type="ln"/>o&ydot;ȝe and
                        bli&slong;&slong;e i<sg> </sg>rede þouȝ make<pc>&punctelev;</pc></l>
                    <l xml:id="bodllaudmisc108.6.272" rhyme="B">And þenke to liue ȝeres mo</l>
                </lg>
                <ab rend="marginLeft">&dblsol;</ab>
                <lg>
                    <l xml:id="bodllaudmisc108.6.273" rhyme="A">Ȝ<sg type="ln"/>wan i<sg> </sg>bad
                        te leue p&rrot;ide</l>
                    <l xml:id="bodllaudmisc108.6.274" rhyme="B">Þi manie <choice>
                            <orig>Mes</orig>
                            <reg>mes</reg>
                        </choice> þi riche sch&rrot;oud</l>
                    <l xml:id="bodllaudmisc108.6.275" rhyme="A">Þ<sg type="ln"/>e fal&slong;e
                        wo&rrot;ld þat &slong;tod bi<del rend="subpointed"
                            >de</del><sg/>&slong;ide<pc>&punctelev;</pc></l>
                    <l xml:id="bodllaudmisc108.6.276" rhyme="B">bad þe be ful quo&ydot;nte and
                        p&rrot;oud</l>
                    <l xml:id="bodllaudmisc108.6.277" rhyme="A">Þ<sg type="ln"/>i fle&ydot;ch&slong;
                        with riche robes sch&rrot;ide<pc>&punctelev;</pc></l>
                    <l xml:id="bodllaudmisc108.6.278" rhyme="B"><choice>
                            <orig>Nouȝt</orig>
                            <reg>nouȝt</reg>
                        </choice> al&slong; a beggare in<sg> </sg>a clouȝt</l>
                    <l xml:id="bodllaudmisc108.6.279" rhyme="A">A<sg type="ln"/>nd on heiȝe
                        ho&rrot;&slong;e to ride<pc>&punctelev;</pc></l>
                    <l xml:id="bodllaudmisc108.6.280" rhyme="B">with mikel me&ydot;ne in and
                        ouȝt</l>
                </lg>
                <ab rend="marginLeft">&dblsol;</ab>
                <lg>
                    <l xml:id="bodllaudmisc108.6.281" rhyme="A">Ȝ<sg type="ln"/>wan i<sg> </sg>bad
                        þe erliche to ri&slong;e<pc>&punctelev;</pc></l>
                    <l xml:id="bodllaudmisc108.6.282" rhyme="B">nim of me þi<sg> </sg>&slong;oule
                        kep</l>
                    <l xml:id="bodllaudmisc108.6.283" rhyme="A">Þ<sg type="ln"/>ouȝ
                        &slong;eide&slong;t þo<add place="supralinear">u</add><sg> </sg>
                        miȝte&slong;t a none wi&slong;e<pc>&punctelev;</pc></l>
                    <l xml:id="bodllaudmisc108.6.284" rhyme="B">fo&rrot;gon þe murie
                            mo&rrot;we<sg> </sg>slep</l>
                    <l xml:id="bodllaudmisc108.6.285" rhyme="A"><choice>
                            <sic>W<sg type="ln"/>ȝau</sic>
                            <corr>Wȝan</corr>
                        </choice> ȝe hadden &slong;et &ydot;our
                        &slong;i&slong;e<pc>&punctelev;</pc></l>
                    <l xml:id="bodllaudmisc108.6.286" rhyme="B"><choice>
                            <sic>þe</sic>
                            <corr resp="#bioLinow0001">Ȝe</corr>
                        </choice> þre tra&ydot;tou<unclear reason="smudged">r</unclear>&slong;
                        &slong;o&rrot;e i wep <note type="text" resp="#bioKL0001">Linow's emendation
                            is supported by; the following line, which appears to begin with "ye",
                            rather than "þe". However, that would suggest that the emendation in
                            this line should also be to "ye". Both lines are characterised by
                            larger, less precise, ductus.</note></l>
                    <l xml:id="bodllaudmisc108.6.287" rhyme="A">Y<sg type="ln"/>e ladde me wid oure
                            <del rend="erased"><unclear cert="low">&slong;i&slong;e</unclear></del>
                            enp&rrot;i&slong;e<pc>&punctelev;</pc></l>
                    <l xml:id="bodllaudmisc108.6.288" rhyme="B">As þe boþelere doþ is schep</l>
                </lg>
                <ab rend="marginLeft">&dblsol;</ab>
                <lg>
                    <l xml:id="bodllaudmisc108.6.289" rhyme="A">Ȝ<sg type="ln"/>wan <choice>
                            <sic/>
                            <corr resp="#bioLinow0001">ȝe</corr>
                        </choice> þ&rrot;e traitour&slong; at o tale<pc>&punctelev;</pc></l>
                    <l xml:id="bodllaudmisc108.6.290" rhyme="B">to<sg/>gidere weren a<sg/>gein me
                        swo&rrot;n</l>
                    <l xml:id="bodllaudmisc108.6.291" rhyme="A">A<sg type="ln"/>l <choice>
                            <sic>þe</sic>
                            <corr resp="#bioLinow0001">ȝe</corr>
                        </choice> maden troteuale<pc>&punctelev;</pc>
                        <note type="enc" resp="#bioKL0001">At this point the scribe is starting to
                            use thorn for yogh, which Linow silentl&ydot; corrects. The thorn may be
                            an undotted "y", in which case it should be represented as an undotted y
                            and no correction should be made. The text will have to be checked
                            carefully for examples of this phenomenon.</note>
                    </l>
                    <l xml:id="bodllaudmisc108.6.292" rhyme="B">þat i<sg/>haued &slong;eid
                        bi<sg/>fo&rrot;n</l>
                    <l xml:id="bodllaudmisc108.6.293" rhyme="A">Ȝ<sg type="ln"/>e ledde me bi doune
                        and dale<pc>&punctelev;</pc></l>
                    <l xml:id="bodllaudmisc108.6.294" rhyme="B">As <choice>
                            <orig>a noxe</orig>
                            <reg>an oxe</reg>
                        </choice> bi þe ho&rrot;n</l>
                    <l xml:id="bodllaudmisc108.6.295" rhyme="A">T<sg type="ln"/>il þer as him
                        i&slong; <choice>
                            <sic>b&rrot;wen</sic>
                            <corr>þrowen</corr>
                        </choice> bale<pc>&punctelev;</pc></l>
                    <l xml:id="bodllaudmisc108.6.296" rhyme="B">þer his þ&rrot;ote schal be
                        scho&rrot;n</l>
                </lg>
                <ab rend="marginLeft">&dblsol;</ab>
                <lg>
                    <l xml:id="bodllaudmisc108.6.297" rhyme="A">F<sg type="ln"/>o&rrot; loue þi
                        wille i folewede al<pc>&punctelev;</pc></l>
                    <l xml:id="bodllaudmisc108.6.298" rhyme="B">And to min oune deth i
                        d&rrot;ouȝ</l>
                    <l xml:id="bodllaudmisc108.6.299" rhyme="A">T<sg type="ln"/>o foluwe þe þat was
                        mi þ&rrot;al<pc>&punctelev;</pc></l>
                    <l xml:id="bodllaudmisc108.6.300" rhyme="B">þat euere <unclear reason="smudged"
                            >w</unclear>ere fal&slong;e and frouȝ</l>
                    <l xml:id="bodllaudmisc108.6.301" rhyme="A">Þ<sg type="ln"/>ouȝ it di&slong;t
                        and i fo&rrot;<sg/>hal</l>
                    <l xml:id="bodllaudmisc108.6.302" rhyme="B">we wi&slong;tin wel it was wouȝ</l>
                    <l xml:id="bodllaudmisc108.6.303" rhyme="A">Þ<sg type="ln"/>er<sg/>fo&rrot;e
                        mote we keþe o&rrot;e fal<pc>&punctelev;</pc></l>
                    <l xml:id="bodllaudmisc108.6.304" rhyme="B">pine and schame and
                        &slong;o&rrot;ewe i<sg/>nouȝ</l>
                </lg>
                <ab rend="marginLeft">&dblsol;</ab>
                <lg>
                    <l xml:id="bodllaudmisc108.6.305" rhyme="A">Þ<sg type="ln"/>eiȝ alle þe men nouȝ
                        vnder mone<pc>&punctelev;</pc></l>
                    <l xml:id="bodllaudmisc108.6.306" rhyme="B">to demen weren &slong;ete on
                        benche</l>
                    <l xml:id="bodllaudmisc108.6.307" rhyme="A">Þ<sg type="ln"/>e
                        &slong;chame&slong; þat v&slong; &slong;chullen be
                        done<pc>&punctelev;</pc></l>
                    <l xml:id="bodllaudmisc108.6.308" rhyme="B">ne &slong;chuldin haluendel
                        bi<sg/>þenke</l>
                    <l xml:id="bodllaudmisc108.6.309" rhyme="A">N<sg type="ln"/>e helpeþ vs no bede
                        ne bone<pc>&punctelev;</pc></l>
                    <l xml:id="bodllaudmisc108.6.310" rhyme="B">ne ma&ydot; v&slong; nou no w&ydot;l
                        to<sg/>wrenche</l>
                    <l xml:id="bodllaudmisc108.6.311" rhyme="A">H<sg type="ln"
                        />elle<sg/>hounde&slong; cometh nou &slong;one<pc>&punctelev;</pc></l>
                    <l xml:id="bodllaudmisc108.6.312" rhyme="B"><choice>
                            <sic>fo&rrot;<sg/>bi</sic>
                            <corr>Fo&rrot;þi</corr>
                        </choice> ne mouwe we no&ydot;þer blenche</l>
                </lg>
                <ab rend="marginLeft">&dblsol;</ab>
                <lg>
                    <l xml:id="bodllaudmisc108.6.313" rhyme="A">Ȝ<sg type="ln"/>wan þat bodi
                        &slong;a&ydot; þat go&slong;t<pc>&punctelev;</pc></l>
                    <l xml:id="bodllaudmisc108.6.314" rhyme="B">þat <choice>
                            <orig>Mone</orig>
                            <reg>mone</reg>
                        </choice> and al þat &slong;o&rrot;uwe make</l>
                    <l xml:id="bodllaudmisc108.6.315" rhyme="A">I<sg type="ln"/>t &slong;e&ydot;de
                        allas þat m&ydot; lif hath la&slong;t<pc>&punctelev;</pc></l>
                    <l xml:id="bodllaudmisc108.6.316" rhyme="B">Þat i<sg> </sg>haue liued
                        fo&rrot;<sg/>&slong;unne &slong;ake</l>
                    <l xml:id="bodllaudmisc108.6.317" rhyme="A">M<sg type="ln"/>in<sg> </sg>herte
                        þat a<sg/>non ne hadde to<sg/>bo&rrot;&slong;te<pc>&punctelev;</pc></l>
                    <l xml:id="bodllaudmisc108.6.318" rhyme="B">ȝwan i was fram mi <choice>
                            <orig>Moder</orig>
                            <reg>moder</reg>
                        </choice> take</l>
                    <l xml:id="bodllaudmisc108.6.319" rhyme="A">I<sg type="ln"/>
                        <choice>
                            <orig>Miȝte</orig>
                            <reg>miȝte</reg>
                        </choice> have ben in erþe ke&slong;t<pc>&punctelev;</pc></l>
                    <l xml:id="bodllaudmisc108.6.320" rhyme="B">And i<sg/>leiȝen and i<sg/>roted in
                            a<sg> </sg>lake</l>
                </lg>
                <ab rend="marginLeft">&dblsol;</ab>
                <lg>
                    <l xml:id="bodllaudmisc108.6.321" rhyme="A">Þ<sg type="ln"/>anne haued<sg
                        > </sg>i neuere lerned<pc>&punctelev;</pc></l>
                    <l xml:id="bodllaudmisc108.6.322" rhyme="B">ȝwat wa&slong; vuel ne ȝwat was
                        guod</l>
                    <l xml:id="bodllaudmisc108.6.323" rhyme="A">N<sg type="ln"/>e no þing with wrong
                            ȝernd<pc>&punctelev;</pc></l>
                    <l xml:id="bodllaudmisc108.6.324" rhyme="B">ne pine þoled as i <choice>
                            <orig>Mot</orig>
                            <reg>mot</reg>
                        </choice></l>
                    <l xml:id="bodllaudmisc108.6.325" rhyme="A">Ȝ<sg type="ln"/>were no &slong;eint
                        miȝte beren o&rrot;e ernde<pc>&punctelev;</pc></l>
                    <l xml:id="bodllaudmisc108.6.326" rhyme="B">to him þat bouȝte v&slong; with is
                        blod</l>
                    <l xml:id="bodllaudmisc108.6.327" rhyme="A">I<sg type="ln"/>n helle hwanne we
                        ben b&rrot;end<pc>&punctelev;</pc></l>
                    <l xml:id="bodllaudmisc108.6.328" rhyme="B">of &slong;um merci to don v&slong;
                        bot</l>
                </lg>
                <ab rend="marginLeft">&dblsol;</ab>
                <lg>
                    <l xml:id="bodllaudmisc108.6.329" rhyme="A">N<sg type="ln"/>a&ydot; bodi nouȝ
                        i&slong; to<sg> </sg>late<pc>&punctelev;</pc></l>
                    <l xml:id="bodllaudmisc108.6.330" rhyme="B">o&rrot;<sg/>to p&rrot;eiȝe and to
                        p&rrot;eche</l>
                    <l xml:id="bodllaudmisc108.6.331" rhyme="A">N<sg type="ln"/>ou þe wa&ydot;n
                            i&slong;<sg> </sg>ate ȝate<pc>&punctelev;</pc></l>
                    <l xml:id="bodllaudmisc108.6.332" rhyme="B">And þi tonge haþ leid þe
                        &slong;peche</l>
                    <l xml:id="bodllaudmisc108.6.333" rhyme="A">O<sg type="ln"/> po&ydot;nt of
                        o&rrot;e pine to bate<pc>&punctelev;</pc></l>
                    <l xml:id="bodllaudmisc108.6.334" rhyme="B">In þe wo&rrot;ld ne is no leche</l>
                    <l xml:id="bodllaudmisc108.6.335" rhyme="A">A<sg type="ln"/>l te<sg/>gidere we
                        gon o gate<pc>&punctelev;</pc></l>
                    <l xml:id="bodllaudmisc108.6.336" rhyme="B">swilk is <choice>
                            <orig>gode&slong;</orig>
                            <reg>Godes</reg>
                        </choice> harde wreche</l>
                </lg>
                <ab rend="marginLeft">&dblsol;</ab>
                <lg>
                    <l xml:id="bodllaudmisc108.6.337" rhyme="A">A<sg type="ln"/>c hadde&slong;t þouȝ
                            a<sg> </sg>lutel er<pc>&punctelev;</pc></l>
                    <l xml:id="bodllaudmisc108.6.338" rhyme="B">ȝwile v&slong; was lif
                        to<sg/>gid&rrot;e lent</l>
                    <l xml:id="bodllaudmisc108.6.339" rhyme="A">Þ<sg type="ln"/>o þat was &slong;o
                        &slong; ek and ser<pc>&punctelev;</pc></l>
                    <l xml:id="bodllaudmisc108.6.340" rhyme="B">v&slong; &slong;ch&rrot;iuen and þe
                        deuel schent</l>
                    <pb n="203r" facs="bau0421"/>
                    <fw type="guideLetters" place="topCenter">10</fw>
                    <fw type="fol" place="topRight">203</fw>
                    <cb n="1"/>
                    <l xml:id="bodllaudmisc108.6.341" rhyme="A">A<sg type="ln"/>nd laten renne a
                        reul&ydot; ter<pc>&punctelev;</pc></l>
                    <l xml:id="bodllaudmisc108.6.342" rhyme="B">and bihiȝt amendement</l>
                    <l xml:id="bodllaudmisc108.6.343" rhyme="A">N<sg type="ln"/>e þo&rrot;te
                        v&slong; haue friȝt ne fer<pc>&punctelev;</pc></l>
                    <l xml:id="bodllaudmisc108.6.344" rhyme="B">þat <choice>
                            <orig>god</orig>
                            <reg>God</reg>
                        </choice> ne wolde his bli&slong;&slong;e v&slong; &slong;ent</l>
                </lg>
                <ab rend="marginLeft">&dblsol;</ab>
                <lg>
                    <l xml:id="bodllaudmisc108.6.345" rhyme="A">Þ<sg type="ln"/>e&ydot; alle þe men
                        þat ben o l&ydot;ue&slong;</l>
                    <l xml:id="bodllaudmisc108.6.346" rhyme="B">weren p&rrot;e&slong;tes
                        me&slong;&slong;es to &slong;inge</l>
                    <l xml:id="bodllaudmisc108.6.347" rhyme="A">A<sg type="ln"/>nd alle þe
                        maidene&slong; and þe w&ydot;ues<pc>&punctelev;</pc></l>
                    <l xml:id="bodllaudmisc108.6.348" rhyme="B">w&ydot;dewes hondene fo&rrot;<sg/>to
                        wringe</l>
                    <l xml:id="bodllaudmisc108.6.349" rhyme="A">A<sg type="ln"/>nd <choice>
                            <orig>Miȝte</orig>
                            <reg>miȝte</reg>
                        </choice> suweche f&ydot;ue<pc>&punctelev;</pc></l>
                    <l xml:id="bodllaudmisc108.6.350" rhyme="B">als is in werld of alle þinge</l>
                    <l xml:id="bodllaudmisc108.6.351" rhyme="A">S<sg type="ln"/>iþin we ne <choice>
                            <orig>Mouwen</orig>
                            <reg>mouwen</reg>
                        </choice>
                        <del rend="subpointed">n</del> v&slong; suluen
                            sch&rrot;iue<pc>&punctelev;</pc></l>
                    <l xml:id="bodllaudmisc108.6.352" rhyme="B">Ne schulde v&slong; into
                        bli&slong;&slong;e b&rrot;inge</l>
                </lg>
                <ab rend="marginLeft">&dblsol;</ab>
                <lg>
                    <l xml:id="bodllaudmisc108.6.353" rhyme="A">B<sg type="ln"/>odi i ma&ydot; no
                        mo&rrot;e duelle<pc>&punctelev;</pc></l>
                    <l xml:id="bodllaudmisc108.6.354" rhyme="B">ne &slong;tonde fo&rrot;<sg/>to
                        &slong;peke with þe</l>
                    <l xml:id="bodllaudmisc108.6.355" rhyme="A">H<sg type="ln"
                        />elle<sg/>hounde&slong; here i ȝelle<pc>&punctelev;</pc></l>
                    <l xml:id="bodllaudmisc108.6.356" rhyme="B">And fendes <choice>
                            <orig>Mo</orig>
                            <reg>mo</reg>
                        </choice> þan men mowe se</l>
                    <l xml:id="bodllaudmisc108.6.357" rhyme="A">Þ<sg type="ln"/>at comen to fette me
                        to helle<pc>&punctelev;</pc></l>
                    <l xml:id="bodllaudmisc108.6.358" rhyme="B">ne ma&ydot; i noweder from hem
                        fle</l>
                    <l xml:id="bodllaudmisc108.6.359" rhyme="A">A<sg type="ln"/>nd þouȝ schalt comen
                        with fle&ydot;s and felle<pc>&punctelev;</pc></l>
                    <l xml:id="bodllaudmisc108.6.360" rhyme="B">A dome&slong;da&ydot; to wonie with
                        me</l>
                </lg>
                <ab rend="marginLeft">&dblsol;</ab>
                <lg>
                    <l xml:id="bodllaudmisc108.6.361" rhyme="A">N<sg type="ln"/>e hauede it non er
                        þe wo&rrot;d i<sg/>&slong;e&ydot;d<pc>&punctelev;</pc></l>
                    <l xml:id="bodllaudmisc108.6.362" rhyme="B">þat wi&slong;te ȝwider it
                        &slong;cholde go</l>
                    <l xml:id="bodllaudmisc108.6.363" rhyme="A">I<sg type="ln"/>n a b&rrot;eken at a
                            b&rrot;eid<pc>&punctelev;</pc></l>
                    <l xml:id="bodllaudmisc108.6.364" rhyme="B">A þou&slong;end deuelene and ȝet <choice>
                            <orig>Mo</orig>
                            <reg>mo</reg>
                        </choice></l>
                    <l xml:id="bodllaudmisc108.6.365" rhyme="A">Ȝ<sg type="ln"/>wan thei haddin on
                        him le&ydot;d<pc>&punctelev;</pc></l>
                    <l xml:id="bodllaudmisc108.6.366" rhyme="B">here &slong;charpe cloches alle
                        þo</l>
                    <l xml:id="bodllaudmisc108.6.367" rhyme="A">Y<sg type="ln"/>t was in a so&rrot;i
                            ple&ydot;t<pc>&punctelev;</pc></l>
                    <l xml:id="bodllaudmisc108.6.368" rhyme="B">Reuliche to&ydot;led to and fro</l>
                </lg>
                <ab rend="marginLeft">&dblsol;</ab>
                <lg>
                    <l xml:id="bodllaudmisc108.6.369" rhyme="A">F<sg type="ln"/>o&rrot; þei weren
                        ragged rone and ta&ydot;led<pc>&punctelev;</pc></l>
                    <l xml:id="bodllaudmisc108.6.370" rhyme="B">with b&rrot;ode bulches on here
                        bac</l>
                    <l xml:id="bodllaudmisc108.6.371" rhyme="A">S<sg type="ln"/>charpe clauwes longe
                        na&ydot;led</l>
                    <l xml:id="bodllaudmisc108.6.372" rhyme="B"><choice>
                            <sic>no</sic>
                            <corr>ne</corr>
                        </choice> was no lime with<sg/>oute lac</l>
                    <l xml:id="bodllaudmisc108.6.373" rhyme="A">O<sg type="ln"/>n alle<del
                            rend="erased"><unclear cert="low">ȝ</unclear></del> halue it was
                        a<sg/>&slong;a&ydot;led</l>
                    <l xml:id="bodllaudmisc108.6.374" rhyme="B">With mani a deuel foul and blac</l>
                    <l xml:id="bodllaudmisc108.6.375" rhyme="A">M<sg type="ln"/>erci <choice>
                            <orig>crie<am>&combtilde;</am>de</orig>
                            <reg>crie<ex>n</ex>de</reg>
                        </choice> lutel a<sg/>uailede<pc>&punctelev;</pc></l>
                    <l xml:id="bodllaudmisc108.6.376" rhyme="B">ȝwan <choice>
                            <orig>cri&slong;t</orig>
                            <reg>Crist</reg>
                        </choice> it wolde &slong;o harde wrac</l>
                </lg>
                <ab rend="marginLeft">&dblsol;</ab>
                <lg>
                    <l xml:id="bodllaudmisc108.6.377" rhyme="A">S<sg type="ln"/>ome þe chaule&slong;
                        it towra&slong;ten<pc>&punctelev;</pc></l>
                    <l xml:id="bodllaudmisc108.6.378" rhyme="B">And ȝoten in þe led al hot</l>
                    <l xml:id="bodllaudmisc108.6.379" rhyme="A">A<sg type="ln"/>nd bedin him to
                        d&rrot;inke fa&slong;te<pc>&punctelev;</pc></l>
                    <l xml:id="bodllaudmisc108.6.380" rhyme="B">And &slong;enke abo<del
                            rend="erased"><unclear cert="low">n</unclear></del>uten him
                        a<sg/>b&rrot;od</l>
                    <l xml:id="bodllaudmisc108.6.381" rhyme="A">A<sg type="ln"/> deuil kam þer ate
                            la&slong;te<pc>&punctelev;</pc></l>
                    <l xml:id="bodllaudmisc108.6.382" rhyme="B">þat was mai&slong;ter wel i wot</l>
                    <l xml:id="bodllaudmisc108.6.383" rhyme="A">A colter glowende in him he
                            þ&rrot;a&slong;te<pc>&punctelev;</pc></l>
                    <l xml:id="bodllaudmisc108.6.384" rhyme="B">þat it þ<add place="supralinear"
                            >o</add>o&rrot;uȝ þe herte it smot</l>
                </lg>
                <ab rend="marginLeft">&dblsol;</ab>
                <lg>
                    <l xml:id="bodllaudmisc108.6.385" rhyme="A">G<sg type="ln"/>le&ydot;ues glowende
                        &slong;ome &slong;etten<pc>&punctelev;</pc></l>
                    <l xml:id="bodllaudmisc108.6.386" rhyme="B">To bac <del rend="erased">a</del>
                        and b&rrot;e&slong;t and boþe &slong;ide&slong;</l>
                    <l xml:id="bodllaudmisc108.6.387" rhyme="A">Þ<sg type="ln"/>at in his herte þe
                        po&ydot;nte&slong; mettin<pc>&punctelev;</pc></l>
                    <l xml:id="bodllaudmisc108.6.388" rhyme="B">And <add place="supralinear"
                            >#</add><add place="marginRight">| #<lb/>maden</add> him þo
                        wounde&slong; wide</l>
                    <l xml:id="bodllaudmisc108.6.389" rhyme="A">A<sg type="ln"/>nd &slong;eiden him
                        fol wel he lette<pc>&punctelev;</pc></l>
                    <l xml:id="bodllaudmisc108.6.390" rhyme="B">þe herte þat was &slong;o fol of
                        p&rrot;ide</l>
                    <l xml:id="bodllaudmisc108.6.391" rhyme="A">W<sg type="ln"/>el he it hadde þat
                        men him bihette<pc>&punctelev;</pc></l>
                    <l xml:id="bodllaudmisc108.6.392" rhyme="B">fo&rrot; mo&rrot;e &slong;cholde it
                        bi<sg/>tide</l>
                </lg>
                <ab rend="marginLeft">&dblsol;</ab>
                <lg>
                    <l xml:id="bodllaudmisc108.6.393" rhyme="A">W<sg type="ln"/>o&rrot;dl&ydot;
                        wedes fo&rrot;<sg/>to were<pc>&punctelev;</pc></l>
                    <l xml:id="bodllaudmisc108.6.394" rhyme="B">þei &slong;eiden þat he louede
                        be&slong;t</l>
                    <l xml:id="bodllaudmisc108.6.395" rhyme="A">A<sg type="ln"/> deuele&slong; cope
                        fo&rrot;<sg/>to bere<pc>&punctelev;</pc></l>
                    <l xml:id="bodllaudmisc108.6.396" rhyme="B">Al b&rrot;enn&ydot;nde on him
                        wa&slong; ke&slong;t</l>
                    <l xml:id="bodllaudmisc108.6.397" rhyme="A">W<sg type="ln"/>ith hote
                        ha&slong;pes i<sg/>mad to &slong;pere<pc>&punctelev;</pc></l>
                    <l xml:id="bodllaudmisc108.6.398" rhyme="B">þat &slong;treite &slong;at to bac
                        and b&rrot;e&slong;t</l>
                    <l xml:id="bodllaudmisc108.6.399" rhyme="A">A<sg type="ln"/>n helm þat was lutel
                            to<sg> </sg>here<pc>&punctelev;</pc></l>
                    <l xml:id="bodllaudmisc108.6.400" rhyme="B">anon him kam an ho&rrot;s al
                        p&rrot;e&slong;t</l>
                </lg>
                <ab rend="marginLeft">&dblsol;</ab>
                <lg>
                    <l xml:id="bodllaudmisc108.6.401" rhyme="A">F<sg type="ln"/>o&rrot;th was
                        b&rrot;ouȝt þere with a<sg> </sg>b&rrot;idel<pc>&punctelev;</pc></l>
                    <l xml:id="bodllaudmisc108.6.402" rhyme="B">A co&rrot;sed deuel als a<sg
                        > </sg>cote</l>
                    <l xml:id="bodllaudmisc108.6.403" rhyme="A">Þ<sg type="ln"/>at gri&slong;liche
                        grennede and ȝenede wide<pc>&punctelev;</pc></l>
                    <l xml:id="bodllaudmisc108.6.404" rhyme="B">þe le&ydot;ȝe it lemede of his
                        þ&rrot;ote</l>
                    <l xml:id="bodllaudmisc108.6.405" rhyme="A">W<sg type="ln"/>ith a &slong;adel to
                        the mid<sg> </sg>&slong;ide<pc>&punctelev;</pc></l>
                    <l xml:id="bodllaudmisc108.6.406" rhyme="B">fol of scharpe pike&slong;
                        schote</l>
                    <l xml:id="bodllaudmisc108.6.407" rhyme="A">A<sg type="ln"/>lse an hechele onne
                        to ride<pc>&punctelev;</pc></l>
                    <l xml:id="bodllaudmisc108.6.408" rhyme="B">Al wa&slong; glowende ilke a
                        grote</l>
                </lg>
                <ab rend="marginLeft">&dblsol;</ab>
                <lg>
                    <l xml:id="bodllaudmisc108.6.409" rhyme="A">O<sg type="ln"/>pon þat sadil he
                        wa&slong; sloungen<pc>&punctelev;</pc></l>
                    <l xml:id="bodllaudmisc108.6.410" rhyme="B">as he &slong;cholde to þe
                        to&rrot;nement</l>
                    <l xml:id="bodllaudmisc108.6.411" rhyme="A">A<sg type="ln"/>n<sg
                        > </sg>hund&rrot;ed deuel on<sg> </sg>him dongen<pc>&punctelev;</pc></l>
                    <l xml:id="bodllaudmisc108.6.412" rhyme="B">her and þer þan he was hent</l>
                    <l xml:id="bodllaudmisc108.6.413" rhyme="A">W<sg type="ln"/>ith hote
                        &slong;pere&slong; þo&rrot;uȝ was &slong;tongen<pc>&punctelev;</pc></l>
                    <l xml:id="bodllaudmisc108.6.414" rhyme="B">And <del rend="subpointed"
                            >houle&slong;</del> wiþ oule&slong; al to<sg/>&rrot;ent</l>
                    <l xml:id="bodllaudmisc108.6.415" rhyme="A">A<sg type="ln"/>t ilke a<sg
                        > </sg>dint þe &slong;parkle&slong;
                        &slong;p&rrot;ongen<pc>&punctelev;</pc></l>
                    <l xml:id="bodllaudmisc108.6.416" rhyme="B">A&slong; of a b&rrot;ond þat were
                        fo&rrot;<sg/>b&rrot;end</l>
                </lg>
                <pb n="203v" facs="bau0422"/>
                <cb n="1"/>
                <ab rend="marginLeft">&dblsol;</ab>
                <lg>
                    <l xml:id="bodllaudmisc108.6.417" rhyme="A">Ȝ<sg type="ln"/>wan he hadde riden
                        þat rode<pc>&punctelev;</pc></l>
                    <l xml:id="bodllaudmisc108.6.418" rhyme="B">op<sg/>on þe &slong;adil þer he was
                        &slong;et</l>
                    <l xml:id="bodllaudmisc108.6.419" rhyme="A"><hi rend="touched-red">H</hi><sg
                            type="ln"/>e was ka&slong;t doun as a tode<pc>&punctelev;</pc></l>
                    <l xml:id="bodllaudmisc108.6.420" rhyme="B"><hi rend="touched-red">A</hi>nd
                        helle<sg/>hounde&slong; to him were led</l>
                    <l xml:id="bodllaudmisc108.6.421" rhyme="A"><hi rend="touched-red">Þ</hi><sg
                            type="ln"/>at b&rrot;oiden out þo peces
                        b&rrot;ode<pc>&punctelev;</pc></l>
                    <l xml:id="bodllaudmisc108.6.422" rhyme="B"><hi rend="touched-red"
                        >A</hi>l&slong; he to helle<sg/>ward was fet</l>
                    <l xml:id="bodllaudmisc108.6.423" rhyme="A"><hi rend="touched-red">T</hi><sg
                            type="ln"/>her alle þe fende&slong; fet it trode<pc>&punctelev;</pc></l>
                    <l xml:id="bodllaudmisc108.6.424" rhyme="B">Men miȝte of blod foluwe þe tred</l>
                </lg>
                <ab rend="marginLeft">&dblsol;</ab>
                <lg>
                    <l xml:id="bodllaudmisc108.6.425" rhyme="A"><hi rend="touched-red">H</hi><sg
                            type="ln"/>e beden him hontin and blowen<pc>&punctelev;</pc></l>
                    <l xml:id="bodllaudmisc108.6.426" rhyme="B"><choice>
                            <orig>Crien</orig>
                            <reg>crien</reg>
                        </choice> on <name type="place" ref="#locBoston01">Bau&slong;ton</name> and
                            <name type="place" ref="#locBewis01">Bewi&slong;</name></l>
                    <l xml:id="bodllaudmisc108.6.427" rhyme="A"><hi rend="touched-red">Þ</hi><sg
                            type="ln"/>e ratche&slong; þat him were woned te k<add
                            place="supralinear">n</add>owen<pc>&punctelev;</pc></l>
                    <l xml:id="bodllaudmisc108.6.428" rhyme="B">he scholden &slong;one blowe þe
                        p&rrot;is</l>
                    <l xml:id="bodllaudmisc108.6.429" rhyme="A"><hi rend="touched-red">A</hi><sg
                            type="ln"/>n hund&rrot;ed deuele&slong; ratche&slong; on a
                            rowe<pc>&punctelev;</pc></l>
                    <l xml:id="bodllaudmisc108.6.430" rhyme="B">with &slong;tringe&slong; him
                        d&rrot;owen vnþanc his</l>
                    <l xml:id="bodllaudmisc108.6.431" rhyme="A"><hi rend="touched-red">T</hi><sg
                            type="ln"/>il he kome to þat lodli lowe<pc>&punctelev;</pc></l>
                    <l xml:id="bodllaudmisc108.6.432" rhyme="B">þer helle was i wot to wi&slong;</l>
                </lg>
                <ab rend="marginLeft">&dblsol;</ab>
                <lg>
                    <l xml:id="bodllaudmisc108.6.433" rhyme="A"><hi rend="touched-red">W</hi><sg
                            type="ln"/>ȝan it kam to þat wikke won<pc>&punctelev;</pc></l>
                    <l xml:id="bodllaudmisc108.6.434" rhyme="B">þe fendes ka&slong;ten suwilk a <hi
                            rend="touched-red">ȝ</hi>el</l>
                    <l xml:id="bodllaudmisc108.6.435" rhyme="A"><hi rend="touched-red">Þ</hi><sg
                            type="ln"/>e erþe it openede anon<pc>&punctelev;</pc></l>
                    <l xml:id="bodllaudmisc108.6.436" rhyme="B">smoke and smoþer op it wal</l>
                    <l xml:id="bodllaudmisc108.6.437" rhyme="A"><hi rend="touched-red">B</hi><sg
                            type="ln"/>oþe pich and b&rrot;um&slong;ton<pc>&punctelev;</pc></l>
                    <l xml:id="bodllaudmisc108.6.438" rhyme="B">Men m&ydot;ȝte fif mile haue þe
                        smel</l>
                    <l xml:id="bodllaudmisc108.6.439" rhyme="A"><hi rend="touched-red">L</hi><sg
                            type="ln"/>ouerd wo schal him be bi<sg/>gon<pc>&punctelev;</pc></l>
                    <l xml:id="bodllaudmisc108.6.440" rhyme="B">þat haþ þer<sg/>offe be tenþe
                        del</l>
                </lg>
                <ab rend="marginLeft">&dblsol;</ab>
                <lg>
                    <l xml:id="bodllaudmisc108.6.441" rhyme="A"><hi rend="touched-red">W</hi><sg
                            type="ln"/>ȝan þe go&slong;t þe &slong;oþe
                            i<sg/>&slong;e&ydot;<pc>&punctelev;</pc></l>
                    <l xml:id="bodllaudmisc108.6.442" rhyme="B">wȝide it scholde it ka&slong;te
                            a<sg> </sg>cri</l>
                    <l xml:id="bodllaudmisc108.6.443" rhyme="A"><hi rend="touched-red">A</hi><sg
                            type="ln"/>nd &slong;eide <choice>
                            <abbr>ih&combcurl;</abbr>
                            <expan>Ihesu</expan>
                        </choice>
                        <choice>
                            <orig>cri&slong;t</orig>
                            <reg>Crist</reg>
                        </choice> þat &slong;itte&slong;t on he&ydot;<pc>&punctelev;</pc></l>
                    <l xml:id="bodllaudmisc108.6.444" rhyme="B">on me þi schap nouȝ haue <choice>
                            <orig><hi rend="touched-red">M</hi>erci</orig>
                            <reg>merci</reg>
                        </choice></l>
                    <l xml:id="bodllaudmisc108.6.445" rhyme="A">N<sg type="ln"/>e schope þouȝ me þat
                        art &slong;o sl&ydot;ȝ<pc>&punctelev;</pc></l>
                    <l xml:id="bodllaudmisc108.6.446" rhyme="B">þi creature al<sg/>so was I</l>
                    <l xml:id="bodllaudmisc108.6.447" rhyme="A">A<sg type="ln"/>ls man þat
                        sitte&slong; þe so n&ydot;<pc>&punctelev;</pc></l>
                    <l xml:id="bodllaudmisc108.6.448" rhyme="B">þat þou haue&slong;t &slong;o wel
                        don b&ydot;</l>
                </lg>
                <ab rend="marginLeft">&dblsol;</ab>
                <lg>
                    <l xml:id="bodllaudmisc108.6.449" rhyme="A">Þ<sg type="ln"/>ouȝ þat
                        wi&slong;te&slong;t al bi<sg/>fo&rrot;</l>
                    <l xml:id="bodllaudmisc108.6.450" rhyme="B">wȝi schope þou me to
                            wroþer<sg> </sg>hele</l>
                    <l xml:id="bodllaudmisc108.6.451" rhyme="A">T<sg type="ln"/>o be þu&slong;
                        togged and to<sg/>to&rrot;en<pc>&punctelev;</pc></l>
                    <l xml:id="bodllaudmisc108.6.452" rhyme="B">And oþere to hauen al mi wele</l>
                    <l xml:id="bodllaudmisc108.6.453" rhyme="A">Þ<sg type="ln"/>o þat scholden be
                            fo&rrot;<sg/>lo&rrot;n<pc>&punctelev;</pc></l>
                    <l xml:id="bodllaudmisc108.6.454" rhyme="B">wretche&slong; þat tou miȝte&slong;t
                        spele</l>
                    <l xml:id="bodllaudmisc108.6.455" rhyme="A">A<sg type="ln"/> weile wȝi
                        le&slong;touȝ hem be bo&rrot;n<pc>&punctelev;</pc></l>
                    <l xml:id="bodllaudmisc108.6.456" rhyme="B">to ȝeue þe foule fend &slong;o
                        fele</l>
                </lg>
                <ab rend="marginLeft">&dblsol;</ab>
                <lg>
                    <l xml:id="bodllaudmisc108.6.457" rhyme="A">A<sg type="ln"/>gein him þe
                        fende&slong; gonnen criȝe<pc>&punctelev;</pc></l>
                    <l xml:id="bodllaudmisc108.6.458" rhyme="B">Caitif helpeþ þe
                        na<sg/>mo&rrot;e</l>
                    <l xml:id="bodllaudmisc108.6.459" rhyme="A">T<sg type="ln"/>o calle on <choice>
                            <orig>ihe&slong;us</orig>
                            <reg>Ihesus</reg>
                        </choice> ne <name type="person" ref="#bioMar&ydot;0001"
                            >Marie</name><pc>&punctelev;</pc></l>
                    <l xml:id="bodllaudmisc108.6.460" rhyme="B">Ne to crie <choice>
                            <orig>cri&slong;te&slong;</orig>
                            <reg>Cristes</reg>
                        </choice> o&rrot;e</l>
                    <l xml:id="bodllaudmisc108.6.461" rhyme="A">L<sg type="ln"/>o&rrot;en þouȝ
                        haue&slong;t the cumpain&ydot;e<pc>&punctelev;</pc></l>
                    <l xml:id="bodllaudmisc108.6.462" rhyme="B">þou haue&slong;t serued vs so
                        ȝo&rrot;e</l>
                    <l xml:id="bodllaudmisc108.6.463" rhyme="A">Þ<sg type="ln"/>ar<sg/>fo&rrot;e nou
                        þou schalt ab&ydot;e<pc>&punctelev;</pc></l>
                    <l xml:id="bodllaudmisc108.6.464" rhyme="B">as oþere þat leuen on oure
                        lo&rrot;e</l>
                </lg>
                <ab rend="marginLeft">&dblsol;</ab>
                <lg>
                    <l xml:id="bodllaudmisc108.6.465" rhyme="A">Þ<sg type="ln"/>e foule fende&slong;
                        þat weren fa&ydot;n<pc>&punctelev;</pc></l>
                    <l xml:id="bodllaudmisc108.6.466" rhyme="B">bi top and tail he slongen hit</l>
                    <l xml:id="bodllaudmisc108.6.467" rhyme="A">A<sg type="ln"/>nd ke&slong;ten it
                        with m&ydot;ȝt and ma&ydot;n<pc>&punctelev;</pc></l>
                    <l xml:id="bodllaudmisc108.6.468" rhyme="B">doun into the deuele&slong; pit</l>
                    <l xml:id="bodllaudmisc108.6.469" rhyme="A">Þ<sg type="ln"/>er &slong;onne ne
                        schal neuere be &slong;e&ydot;n<pc>&punctelev;</pc></l>
                    <l xml:id="bodllaudmisc108.6.470" rhyme="B">hem<sg/>self he &slong;onken in
                        þer<sg/>mit</l>
                    <l xml:id="bodllaudmisc108.6.471" rhyme="A">Þ<sg type="ln"/>e erþe hem<sg/>sulf
                        it lek a<sg/>ȝe&ydot;n<pc>&punctelev;</pc></l>
                    <l xml:id="bodllaudmisc108.6.472" rhyme="B">anon þe donge it was
                        fo&rrot;<sg/>dit</l>
                </lg>
                <p xml:lang="fr"><hi rend="red-ink">Sou<sg> </sg>ke parla cel&ydot; ki ce&slong;te
                        aui&slong;ion aueit weu e dit i&slong;&slong;i<pc>&middot;</pc></hi></p>
                <ab rend="marginLeft">&dblsol;</ab>
                <lg>
                    <l xml:id="bodllaudmisc108.6.473" rhyme="A">W<sg type="ln"/>ȝan it was
                        fo&rrot;th þat foule lod<pc>&punctelev;</pc></l>
                    <l xml:id="bodllaudmisc108.6.474" rhyme="B">to helle wel o&rrot; it were
                        da&ydot;</l>
                    <l xml:id="bodllaudmisc108.6.475" rhyme="A">O<sg type="ln"/>u ilk a<sg> </sg>her
                        a d&rrot;ope &slong;tod<pc>&punctelev;</pc></l>
                    <l xml:id="bodllaudmisc108.6.476" rhyme="B">fo&rrot; friȝt and fer þe&rrot; as i
                        la&ydot;</l>
                    <l xml:id="bodllaudmisc108.6.477" rhyme="A">T<sg type="ln"/>o <choice>
                            <abbr>ih&combtilde;u</abbr>
                            <expan>Ihesu</expan>
                        </choice>
                        <choice>
                            <orig>cri&slong;t</orig>
                            <reg>Crist</reg>
                        </choice> with mild mod<pc>&punctelev;</pc></l>
                    <l xml:id="bodllaudmisc108.6.478" rhyme="B">ȝerne i kalde and lokede a&ydot;</l>
                    <l xml:id="bodllaudmisc108.6.479" rhyme="A">Ȝ<sg type="ln"/>wan þo fende&slong;
                        hot fot</l>
                    <l xml:id="bodllaudmisc108.6.480" rhyme="B">come to fette me a<sg/>wa&ydot;</l>
                </lg>
                <ab rend="marginLeft">&dblsol;</ab>
                <lg>
                    <l xml:id="bodllaudmisc108.6.481" rhyme="A">I<sg type="ln"/> þonke him þat
                        þolede deth<pc>&punctelev;</pc></l>
                    <l xml:id="bodllaudmisc108.6.482" rhyme="B">his muchele merci and his
                        o&rrot;e</l>
                    <l xml:id="bodllaudmisc108.6.483" rhyme="A">Þ<sg type="ln"/>at schilde me fram
                        mani a<sg> </sg>qued<pc>&punctelev;</pc></l>
                    <l xml:id="bodllaudmisc108.6.484" rhyme="B">A &slong;unful man as i<sg> </sg>lai
                        þo&rrot;e</l>
                    <l xml:id="bodllaudmisc108.6.485" rhyme="A">Þ<sg type="ln"/>o þat &slong;unfol
                        ben i<sg> </sg>rede hem red<pc>&punctelev;</pc></l>
                    <l xml:id="bodllaudmisc108.6.486" rhyme="B">to <del rend="subpointed">sr</del>
                        sch&rrot;iuen hem and rewen &slong;o&rrot;e</l>
                    <l xml:id="bodllaudmisc108.6.487" rhyme="A">N<sg type="ln"/>euere was
                        &slong;unne i<sg/>don &slong;o gret<pc>&punctelev;</pc></l>
                    <l xml:id="bodllaudmisc108.6.488" rhyme="B">þat <choice>
                            <orig>cri&slong;te&slong;</orig>
                            <reg>Cristes</reg>
                        </choice> merci ne is wel mo&rrot;e</l>
                </lg>
                <ab rend="marginLeft">&dblsol;</ab>
                <lg>
                    <l xml:id="bodllaudmisc108.6.489" xml:lang="fr" rhyme="A"><hi rend="red-ink">Sa
                            grace l&ydot; doine <choice>
                                <abbr>ih&combtilde;u</abbr>
                                <expan>Ihesu</expan>
                            </choice>
                            <choice>
                                <orig>cri&slong;t</orig>
                                <reg>Crist</reg>
                            </choice></hi><pc>&punctelev;</pc></l>
                    <l xml:id="bodllaudmisc108.6.490" xml:lang="fr" rhyme="B">ki ce dite de
                        mein&slong; e&slong;crit</l>
                    <l xml:id="bodllaudmisc108.6.491" xml:lang="fr" rhyme="A">De li seruer de quer
                            parfit<pc>&punctelev;</pc></l>
                    <l xml:id="bodllaudmisc108.6.492" xml:lang="fr" rhyme="B"><hi rend="red-ink">a
                            tou&slong; otreie l&ydot; &slong;eint
                            e&slong;pirit<pc>&middot;</pc></hi></l>
                </lg>
            </div1>
        </body>
    </text>
</TEI>
