<?xml version="1.0" encoding="UTF-8"?><?oxygen RNGSchema="http://www.emesoc.org/schema/aeme.rng" type="xml"?>
<!DOCTYPE TEI [
<!ENTITY yogh "&#x021D;">
]>

<TEI xml:id="laudmisc108" xmlns="http://www.tei-c.org/ns/1.0">
<teiHeader>
    <fileDesc>
        <titleStmt>
            <title>The Archive of Early Middle English</title>
        </titleStmt>
    </fileDesc>
</teiHeader>
    <text>
        <body>
            <div1>
                <pb facs="aeme0001" n="Title Page"/>
                <head>Select a Text from the Menu</head>
            </div1>
        </body>
    </text>
</TEI>
